semantic_class,target,seed,n_test_pos_used,top10_features,dominant_feature
DoS,UNSW,42,1159,MIN_TTL;MAX_TTL;L4_SRC_PORT;L4_DST_PORT;SRC_TO_DST_SECOND_BYTES;LONGEST_FLOW_PKT;DST_TO_SRC_SECOND_BYTES;L7_PROTO;IN_BYTES;DST_TO_SRC_AVG_THROUGHPUT,MIN_TTL
DoS,UNSW,43,1159,MIN_TTL;SRC_TO_DST_SECOND_BYTES;L4_DST_PORT;L4_SRC_PORT;MAX_TTL;LONGEST_FLOW_PKT;DST_TO_SRC_AVG_THROUGHPUT;IN_BYTES;OUT_BYTES;ICMP_IPV4_TYPE,MIN_TTL
DoS,UNSW,44,1159,MIN_TTL;MAX_TTL;L4_DST_PORT;L4_SRC_PORT;LONGEST_FLOW_PKT;OUT_BYTES;L7_PROTO;SRC_TO_DST_SECOND_BYTES;PROTOCOL;RETRANSMITTED_IN_BYTES,MIN_TTL
DoS,UNSW,45,1159,MIN_TTL;L4_DST_PORT;L4_SRC_PORT;LONGEST_FLOW_PKT;SRC_TO_DST_SECOND_BYTES;DST_TO_SRC_AVG_THROUGHPUT;MAX_TTL;IN_PKTS;DST_TO_SRC_SECOND_BYTES;RETRANSMITTED_IN_PKTS,MIN_TTL
DoS,UNSW,46,1159,MIN_TTL;MAX_TTL;L4_DST_PORT;LONGEST_FLOW_PKT;L4_SRC_PORT;SRC_TO_DST_SECOND_BYTES;ICMP_IPV4_TYPE;L7_PROTO;IN_BYTES;RETRANSMITTED_IN_BYTES,MIN_TTL
DoS,UNSW,47,1159,MIN_TTL;MAX_TTL;L4_DST_PORT;SRC_TO_DST_SECOND_BYTES;L4_SRC_PORT;LONGEST_FLOW_PKT;MIN_IP_PKT_LEN;TCP_FLAGS;OUT_BYTES;RETRANSMITTED_OUT_BYTES,MIN_TTL
DoS,UNSW,48,1159,MIN_TTL;MAX_TTL;L4_SRC_PORT;LONGEST_FLOW_PKT;SRC_TO_DST_SECOND_BYTES;L4_DST_PORT;OUT_BYTES;IN_BYTES;SRC_TO_DST_AVG_THROUGHPUT;L7_PROTO,MIN_TTL
DoS,UNSW,49,1159,MIN_TTL;MAX_TTL;L4_DST_PORT;L4_SRC_PORT;LONGEST_FLOW_PKT;SRC_TO_DST_SECOND_BYTES;L7_PROTO;OUT_BYTES;IN_BYTES;TCP_FLAGS,MIN_TTL
DoS,UNSW,50,1159,MIN_TTL;MAX_TTL;L4_DST_PORT;SRC_TO_DST_SECOND_BYTES;L4_SRC_PORT;LONGEST_FLOW_PKT;DST_TO_SRC_SECOND_BYTES;CLIENT_TCP_FLAGS;IN_BYTES;IN_PKTS,MIN_TTL
DoS,UNSW,51,1159,MIN_TTL;L4_DST_PORT;MAX_TTL;LONGEST_FLOW_PKT;L4_SRC_PORT;IN_PKTS;RETRANSMITTED_OUT_PKTS;RETRANSMITTED_IN_BYTES;DST_TO_SRC_AVG_THROUGHPUT;SRC_TO_DST_SECOND_BYTES,MIN_TTL
DoS,UNSW,52,1159,MIN_TTL;MAX_TTL;L4_DST_PORT;LONGEST_FLOW_PKT;L4_SRC_PORT;SRC_TO_DST_SECOND_BYTES;ICMP_IPV4_TYPE;CLIENT_TCP_FLAGS;ICMP_TYPE;OUT_BYTES,MIN_TTL
DoS,UNSW,53,1159,MIN_TTL;MAX_TTL;L4_SRC_PORT;L4_DST_PORT;LONGEST_FLOW_PKT;RETRANSMITTED_IN_BYTES;TCP_FLAGS;DST_TO_SRC_SECOND_BYTES;SRC_TO_DST_SECOND_BYTES;RETRANSMITTED_IN_PKTS,MIN_TTL
DoS,UNSW,54,1159,MIN_TTL;SRC_TO_DST_SECOND_BYTES;L4_DST_PORT;L4_SRC_PORT;LONGEST_FLOW_PKT;IN_BYTES;OUT_BYTES;TCP_FLAGS;SRC_TO_DST_AVG_THROUGHPUT;MIN_IP_PKT_LEN,MIN_TTL
DoS,UNSW,55,1159,MIN_TTL;MAX_TTL;L4_SRC_PORT;LONGEST_FLOW_PKT;L4_DST_PORT;RETRANSMITTED_IN_BYTES;IN_PKTS;SRC_TO_DST_AVG_THROUGHPUT;ICMP_IPV4_TYPE;OUT_BYTES,MIN_TTL
DoS,UNSW,56,1159,MIN_TTL;L4_DST_PORT;LONGEST_FLOW_PKT;MAX_TTL;SRC_TO_DST_SECOND_BYTES;L4_SRC_PORT;TCP_FLAGS;MIN_IP_PKT_LEN;DST_TO_SRC_SECOND_BYTES;IN_BYTES,MIN_TTL
DoS,UNSW,57,1159,MIN_TTL;MAX_TTL;L4_DST_PORT;LONGEST_FLOW_PKT;SRC_TO_DST_SECOND_BYTES;L4_SRC_PORT;IN_BYTES;RETRANSMITTED_IN_BYTES;OUT_BYTES;L7_PROTO,MIN_TTL
DoS,UNSW,58,1159,MIN_TTL;L4_DST_PORT;L4_SRC_PORT;LONGEST_FLOW_PKT;MAX_TTL;SRC_TO_DST_SECOND_BYTES;OUT_BYTES;IN_BYTES;TCP_FLAGS;CLIENT_TCP_FLAGS,MIN_TTL
DoS,UNSW,59,1159,MIN_TTL;MAX_TTL;L4_SRC_PORT;L4_DST_PORT;LONGEST_FLOW_PKT;OUT_BYTES;SRC_TO_DST_SECOND_BYTES;IN_BYTES;RETRANSMITTED_IN_BYTES;ICMP_TYPE,MIN_TTL
DoS,UNSW,60,1159,MIN_TTL;L4_SRC_PORT;MAX_TTL;L4_DST_PORT;SRC_TO_DST_SECOND_BYTES;LONGEST_FLOW_PKT;L7_PROTO;IN_BYTES;RETRANSMITTED_IN_PKTS;OUT_BYTES,MIN_TTL
DoS,UNSW,61,1159,MIN_TTL;L4_SRC_PORT;L4_DST_PORT;MAX_TTL;LONGEST_FLOW_PKT;SRC_TO_DST_SECOND_BYTES;OUT_BYTES;L7_PROTO;DST_TO_SRC_AVG_THROUGHPUT;ICMP_IPV4_TYPE,MIN_TTL
DoS,UNSW,62,1159,MIN_TTL;MAX_TTL;L4_DST_PORT;L4_SRC_PORT;LONGEST_FLOW_PKT;SRC_TO_DST_SECOND_BYTES;TCP_FLAGS;IN_PKTS;MIN_IP_PKT_LEN;ICMP_IPV4_TYPE,MIN_TTL
DoS,UNSW,63,1159,MIN_TTL;L4_SRC_PORT;L4_DST_PORT;SRC_TO_DST_SECOND_BYTES;LONGEST_FLOW_PKT;MAX_TTL;L7_PROTO;IN_BYTES;OUT_BYTES;RETRANSMITTED_IN_BYTES,MIN_TTL
DoS,UNSW,64,1159,MIN_TTL;L4_SRC_PORT;L4_DST_PORT;LONGEST_FLOW_PKT;SRC_TO_DST_SECOND_BYTES;RETRANSMITTED_IN_BYTES;L7_PROTO;IN_BYTES;OUT_BYTES;ICMP_IPV4_TYPE,MIN_TTL
DoS,UNSW,65,1159,MIN_TTL;MAX_TTL;L4_DST_PORT;LONGEST_FLOW_PKT;L4_SRC_PORT;OUT_BYTES;SRC_TO_DST_SECOND_BYTES;IN_PKTS;ICMP_IPV4_TYPE;ICMP_TYPE,MIN_TTL
DoS,UNSW,66,1159,MIN_TTL;L4_SRC_PORT;L4_DST_PORT;MAX_TTL;LONGEST_FLOW_PKT;SRC_TO_DST_SECOND_BYTES;MIN_IP_PKT_LEN;TCP_FLAGS;IN_BYTES;NUM_PKTS_UP_TO_128_BYTES,MIN_TTL
DoS,UNSW,67,1159,MIN_TTL;MAX_TTL;L4_SRC_PORT;L4_DST_PORT;LONGEST_FLOW_PKT;SRC_TO_DST_SECOND_BYTES;RETRANSMITTED_IN_BYTES;DST_TO_SRC_SECOND_BYTES;NUM_PKTS_UP_TO_128_BYTES;TCP_FLAGS,MIN_TTL
DoS,UNSW,68,1159,MIN_TTL;L4_DST_PORT;MAX_TTL;L4_SRC_PORT;LONGEST_FLOW_PKT;MIN_IP_PKT_LEN;SRC_TO_DST_SECOND_BYTES;IN_PKTS;TCP_FLAGS;L7_PROTO,MIN_TTL
DoS,UNSW,69,1159,MIN_TTL;MAX_TTL;L4_DST_PORT;L4_SRC_PORT;LONGEST_FLOW_PKT;SRC_TO_DST_SECOND_BYTES;IN_BYTES;MIN_IP_PKT_LEN;OUT_BYTES;IN_PKTS,MIN_TTL
DoS,UNSW,70,1159,MIN_TTL;L4_DST_PORT;L4_SRC_PORT;LONGEST_FLOW_PKT;SRC_TO_DST_SECOND_BYTES;IN_BYTES;RETRANSMITTED_IN_BYTES;CLIENT_TCP_FLAGS;OUT_BYTES;L7_PROTO,MIN_TTL
DoS,UNSW,71,1159,MIN_TTL;MAX_TTL;L4_SRC_PORT;LONGEST_FLOW_PKT;L4_DST_PORT;SRC_TO_DST_SECOND_BYTES;OUT_BYTES;IN_BYTES;SHORTEST_FLOW_PKT;SRC_TO_DST_AVG_THROUGHPUT,MIN_TTL
DoS,CIC,42,3000,DURATION_OUT;MIN_TTL;MAX_TTL;TCP_WIN_MAX_IN;L7_PROTO;NUM_PKTS_256_TO_512_BYTES;DURATION_IN;L4_DST_PORT;SHORTEST_FLOW_PKT;TCP_FLAGS,DURATION_OUT
DoS,CIC,43,3000,DURATION_OUT;MAX_TTL;MIN_TTL;L7_PROTO;TCP_WIN_MAX_IN;SHORTEST_FLOW_PKT;L4_DST_PORT;DURATION_IN;FLOW_DURATION_MILLISECONDS;L4_SRC_PORT,DURATION_OUT
DoS,CIC,44,3000,DURATION_OUT;MAX_TTL;MIN_TTL;L7_PROTO;TCP_WIN_MAX_IN;SHORTEST_FLOW_PKT;L4_DST_PORT;DURATION_IN;TCP_FLAGS;L4_SRC_PORT,DURATION_OUT
DoS,CIC,45,3000,DURATION_OUT;MIN_TTL;MAX_TTL;L4_DST_PORT;L7_PROTO;L4_SRC_PORT;SHORTEST_FLOW_PKT;FLOW_DURATION_MILLISECONDS;DURATION_IN;TCP_WIN_MAX_IN,DURATION_OUT
DoS,CIC,46,3000,DURATION_OUT;MAX_TTL;MIN_TTL;L7_PROTO;SHORTEST_FLOW_PKT;DURATION_IN;L4_DST_PORT;FLOW_DURATION_MILLISECONDS;TCP_WIN_MAX_IN;NUM_PKTS_256_TO_512_BYTES,DURATION_OUT
DoS,CIC,47,3000,DURATION_OUT;MAX_TTL;TCP_WIN_MAX_IN;L7_PROTO;MIN_TTL;DURATION_IN;SHORTEST_FLOW_PKT;L4_DST_PORT;NUM_PKTS_256_TO_512_BYTES;FLOW_DURATION_MILLISECONDS,DURATION_OUT
DoS,CIC,48,3000,DURATION_OUT;MAX_TTL;TCP_WIN_MAX_IN;MIN_TTL;NUM_PKTS_256_TO_512_BYTES;L7_PROTO;SHORTEST_FLOW_PKT;L4_DST_PORT;DURATION_IN;FLOW_DURATION_MILLISECONDS,DURATION_OUT
DoS,CIC,49,3000,DURATION_OUT;MAX_TTL;MIN_TTL;L7_PROTO;TCP_WIN_MAX_IN;L4_DST_PORT;SHORTEST_FLOW_PKT;L4_SRC_PORT;FLOW_DURATION_MILLISECONDS;DURATION_IN,DURATION_OUT
DoS,CIC,50,3000,DURATION_OUT;MAX_TTL;MIN_TTL;NUM_PKTS_256_TO_512_BYTES;L7_PROTO;TCP_WIN_MAX_IN;FLOW_DURATION_MILLISECONDS;DURATION_IN;L4_SRC_PORT;L4_DST_PORT,DURATION_OUT
DoS,CIC,51,3000,DURATION_OUT;MAX_TTL;TCP_WIN_MAX_IN;MIN_TTL;L7_PROTO;SHORTEST_FLOW_PKT;L4_DST_PORT;DURATION_IN;FLOW_DURATION_MILLISECONDS;L4_SRC_PORT,DURATION_OUT
DoS,CIC,52,3000,DURATION_OUT;MAX_TTL;MIN_TTL;TCP_WIN_MAX_IN;L7_PROTO;L4_DST_PORT;DURATION_IN;FLOW_DURATION_MILLISECONDS;SHORTEST_FLOW_PKT;L4_SRC_PORT,DURATION_OUT
DoS,CIC,53,3000,DURATION_OUT;MIN_TTL;MAX_TTL;L4_SRC_PORT;L7_PROTO;DURATION_IN;SHORTEST_FLOW_PKT;L4_DST_PORT;FLOW_DURATION_MILLISECONDS;NUM_PKTS_256_TO_512_BYTES,DURATION_OUT
DoS,CIC,54,3000,DURATION_OUT;MIN_TTL;MAX_TTL;TCP_WIN_MAX_IN;L7_PROTO;L4_DST_PORT;DURATION_IN;FLOW_DURATION_MILLISECONDS;NUM_PKTS_256_TO_512_BYTES;L4_SRC_PORT,DURATION_OUT
DoS,CIC,55,3000,DURATION_OUT;MAX_TTL;MIN_TTL;L7_PROTO;TCP_WIN_MAX_IN;DURATION_IN;L4_DST_PORT;SHORTEST_FLOW_PKT;FLOW_DURATION_MILLISECONDS;L4_SRC_PORT,DURATION_OUT
DoS,CIC,56,3000,DURATION_OUT;MAX_TTL;MIN_TTL;L4_DST_PORT;L7_PROTO;TCP_WIN_MAX_IN;SHORTEST_FLOW_PKT;L4_SRC_PORT;DURATION_IN;FLOW_DURATION_MILLISECONDS,DURATION_OUT
DoS,CIC,57,3000,DURATION_OUT;MIN_TTL;MAX_TTL;L7_PROTO;TCP_WIN_MAX_IN;DURATION_IN;L4_DST_PORT;SHORTEST_FLOW_PKT;L4_SRC_PORT;NUM_PKTS_256_TO_512_BYTES,DURATION_OUT
DoS,CIC,58,3000,DURATION_OUT;MIN_TTL;MAX_TTL;L7_PROTO;DURATION_IN;L4_SRC_PORT;L4_DST_PORT;TCP_WIN_MAX_IN;SHORTEST_FLOW_PKT;NUM_PKTS_256_TO_512_BYTES,DURATION_OUT
DoS,CIC,59,3000,DURATION_OUT;MIN_TTL;MAX_TTL;TCP_WIN_MAX_IN;L7_PROTO;L4_DST_PORT;NUM_PKTS_256_TO_512_BYTES;L4_SRC_PORT;FLOW_DURATION_MILLISECONDS;SHORTEST_FLOW_PKT,DURATION_OUT
DoS,CIC,60,3000,DURATION_OUT;MAX_TTL;MIN_TTL;L7_PROTO;SHORTEST_FLOW_PKT;TCP_WIN_MAX_IN;L4_DST_PORT;DURATION_IN;L4_SRC_PORT;FLOW_DURATION_MILLISECONDS,DURATION_OUT
DoS,CIC,61,3000,DURATION_OUT;MAX_TTL;MIN_TTL;L4_DST_PORT;L7_PROTO;TCP_WIN_MAX_IN;SHORTEST_FLOW_PKT;L4_SRC_PORT;DURATION_IN;FLOW_DURATION_MILLISECONDS,DURATION_OUT
DoS,CIC,62,3000,DURATION_OUT;MAX_TTL;MIN_TTL;TCP_WIN_MAX_IN;L7_PROTO;DURATION_IN;L4_DST_PORT;SHORTEST_FLOW_PKT;L4_SRC_PORT;FLOW_DURATION_MILLISECONDS,DURATION_OUT
DoS,CIC,63,3000,DURATION_OUT;MIN_TTL;MAX_TTL;SHORTEST_FLOW_PKT;L7_PROTO;TCP_WIN_MAX_IN;L4_DST_PORT;FLOW_DURATION_MILLISECONDS;DURATION_IN;L4_SRC_PORT,DURATION_OUT
DoS,CIC,64,3000,DURATION_OUT;MIN_TTL;MAX_TTL;L7_PROTO;TCP_WIN_MAX_IN;L4_DST_PORT;SHORTEST_FLOW_PKT;FLOW_DURATION_MILLISECONDS;DURATION_IN;TCP_FLAGS,DURATION_OUT
DoS,CIC,65,3000,DURATION_OUT;MAX_TTL;MIN_TTL;L7_PROTO;L4_DST_PORT;SHORTEST_FLOW_PKT;TCP_WIN_MAX_IN;DURATION_IN;L4_SRC_PORT;FLOW_DURATION_MILLISECONDS,DURATION_OUT
DoS,CIC,66,3000,DURATION_OUT;MIN_TTL;MAX_TTL;L7_PROTO;L4_DST_PORT;TCP_WIN_MAX_IN;DURATION_IN;L4_SRC_PORT;SHORTEST_FLOW_PKT;TCP_FLAGS,DURATION_OUT
DoS,CIC,67,3000,DURATION_OUT;MAX_TTL;MIN_TTL;L7_PROTO;TCP_WIN_MAX_IN;SHORTEST_FLOW_PKT;L4_DST_PORT;TCP_FLAGS;DURATION_IN;L4_SRC_PORT,DURATION_OUT
DoS,CIC,68,3000,DURATION_OUT;MIN_TTL;MAX_TTL;TCP_WIN_MAX_IN;L7_PROTO;L4_DST_PORT;SHORTEST_FLOW_PKT;DURATION_IN;FLOW_DURATION_MILLISECONDS;L4_SRC_PORT,DURATION_OUT
DoS,CIC,69,3000,DURATION_OUT;MAX_TTL;MIN_TTL;L7_PROTO;L4_DST_PORT;DURATION_IN;TCP_WIN_MAX_IN;FLOW_DURATION_MILLISECONDS;SHORTEST_FLOW_PKT;NUM_PKTS_256_TO_512_BYTES,DURATION_OUT
DoS,CIC,70,3000,DURATION_OUT;MIN_TTL;MAX_TTL;TCP_WIN_MAX_IN;L4_DST_PORT;L7_PROTO;FLOW_DURATION_MILLISECONDS;SHORTEST_FLOW_PKT;DURATION_IN;L4_SRC_PORT,DURATION_OUT
DoS,CIC,71,3000,DURATION_OUT;MAX_TTL;MIN_TTL;L7_PROTO;SHORTEST_FLOW_PKT;TCP_WIN_MAX_IN;DURATION_IN;L4_DST_PORT;L4_SRC_PORT;FLOW_DURATION_MILLISECONDS,DURATION_OUT
DoS,ToN,42,3000,TCP_WIN_MAX_IN;DNS_QUERY_TYPE;LONGEST_FLOW_PKT;MIN_TTL;DNS_TTL_ANSWER;SRC_TO_DST_AVG_THROUGHPUT;L4_SRC_PORT;IN_BYTES;DNS_QUERY_ID;DST_TO_SRC_AVG_THROUGHPUT,TCP_WIN_MAX_IN
DoS,ToN,43,3000,TCP_WIN_MAX_IN;DNS_QUERY_TYPE;LONGEST_FLOW_PKT;MIN_TTL;DNS_TTL_ANSWER;DST_TO_SRC_AVG_THROUGHPUT;L4_SRC_PORT;MIN_IP_PKT_LEN;SRC_TO_DST_AVG_THROUGHPUT;DNS_QUERY_ID,TCP_WIN_MAX_IN
DoS,ToN,44,3000,TCP_WIN_MAX_IN;DNS_QUERY_TYPE;LONGEST_FLOW_PKT;DNS_TTL_ANSWER;IN_PKTS;MIN_TTL;SRC_TO_DST_AVG_THROUGHPUT;DST_TO_SRC_AVG_THROUGHPUT;SRC_TO_DST_SECOND_BYTES;DNS_QUERY_ID,TCP_WIN_MAX_IN
DoS,ToN,45,3000,TCP_WIN_MAX_IN;LONGEST_FLOW_PKT;DNS_QUERY_TYPE;MIN_TTL;DNS_TTL_ANSWER;SRC_TO_DST_AVG_THROUGHPUT;DNS_QUERY_ID;IN_PKTS;IN_BYTES;DST_TO_SRC_AVG_THROUGHPUT,TCP_WIN_MAX_IN
DoS,ToN,46,3000,TCP_WIN_MAX_IN;LONGEST_FLOW_PKT;DNS_QUERY_TYPE;MIN_TTL;DNS_TTL_ANSWER;SRC_TO_DST_AVG_THROUGHPUT;DST_TO_SRC_AVG_THROUGHPUT;SHORTEST_FLOW_PKT;IN_BYTES;L4_SRC_PORT,TCP_WIN_MAX_IN
DoS,ToN,47,3000,TCP_WIN_MAX_IN;LONGEST_FLOW_PKT;DNS_QUERY_TYPE;MIN_TTL;DNS_TTL_ANSWER;IN_PKTS;MIN_IP_PKT_LEN;DNS_QUERY_ID;L4_SRC_PORT;NUM_PKTS_UP_TO_128_BYTES,TCP_WIN_MAX_IN
DoS,ToN,48,3000,TCP_WIN_MAX_IN;DNS_QUERY_TYPE;LONGEST_FLOW_PKT;MIN_TTL;DNS_TTL_ANSWER;SRC_TO_DST_AVG_THROUGHPUT;DST_TO_SRC_SECOND_BYTES;DNS_QUERY_ID;IN_BYTES;L4_SRC_PORT,TCP_WIN_MAX_IN
DoS,ToN,49,3000,TCP_WIN_MAX_IN;DNS_QUERY_TYPE;LONGEST_FLOW_PKT;MIN_TTL;DNS_TTL_ANSWER;SRC_TO_DST_AVG_THROUGHPUT;DNS_QUERY_ID;DST_TO_SRC_SECOND_BYTES;L4_SRC_PORT;IN_BYTES,TCP_WIN_MAX_IN
DoS,ToN,50,3000,TCP_WIN_MAX_IN;DNS_QUERY_TYPE;LONGEST_FLOW_PKT;MIN_TTL;DNS_TTL_ANSWER;DNS_QUERY_ID;IN_BYTES;L4_SRC_PORT;SRC_TO_DST_SECOND_BYTES;DST_TO_SRC_AVG_THROUGHPUT,TCP_WIN_MAX_IN
DoS,ToN,51,3000,TCP_WIN_MAX_IN;LONGEST_FLOW_PKT;DNS_QUERY_TYPE;MIN_TTL;SRC_TO_DST_AVG_THROUGHPUT;IN_PKTS;DNS_QUERY_ID;DST_TO_SRC_AVG_THROUGHPUT;MIN_IP_PKT_LEN;L4_SRC_PORT,TCP_WIN_MAX_IN
DoS,ToN,52,3000,TCP_WIN_MAX_IN;DNS_QUERY_TYPE;LONGEST_FLOW_PKT;SRC_TO_DST_AVG_THROUGHPUT;IN_PKTS;DNS_TTL_ANSWER;MIN_TTL;IN_BYTES;MIN_IP_PKT_LEN;L4_SRC_PORT,TCP_WIN_MAX_IN
DoS,ToN,53,3000,TCP_WIN_MAX_IN;LONGEST_FLOW_PKT;DNS_QUERY_TYPE;IN_PKTS;SRC_TO_DST_AVG_THROUGHPUT;MIN_TTL;MIN_IP_PKT_LEN;DNS_TTL_ANSWER;DNS_QUERY_ID;DST_TO_SRC_SECOND_BYTES,TCP_WIN_MAX_IN
DoS,ToN,54,3000,TCP_WIN_MAX_IN;DNS_QUERY_TYPE;LONGEST_FLOW_PKT;MIN_TTL;DNS_QUERY_ID;DNS_TTL_ANSWER;SRC_TO_DST_AVG_THROUGHPUT;IN_BYTES;L4_SRC_PORT;MIN_IP_PKT_LEN,TCP_WIN_MAX_IN
DoS,ToN,55,3000,TCP_WIN_MAX_IN;DNS_QUERY_TYPE;LONGEST_FLOW_PKT;IN_PKTS;MIN_TTL;DNS_TTL_ANSWER;DNS_QUERY_ID;IN_BYTES;SRC_TO_DST_AVG_THROUGHPUT;SRC_TO_DST_SECOND_BYTES,TCP_WIN_MAX_IN
DoS,ToN,56,3000,TCP_WIN_MAX_IN;LONGEST_FLOW_PKT;DNS_QUERY_TYPE;MIN_TTL;SRC_TO_DST_AVG_THROUGHPUT;DST_TO_SRC_AVG_THROUGHPUT;DNS_TTL_ANSWER;DNS_QUERY_ID;L4_SRC_PORT;IN_PKTS,TCP_WIN_MAX_IN
DoS,ToN,57,3000,TCP_WIN_MAX_IN;DNS_QUERY_TYPE;LONGEST_FLOW_PKT;DNS_TTL_ANSWER;MIN_TTL;IN_PKTS;DST_TO_SRC_AVG_THROUGHPUT;DNS_QUERY_ID;SRC_TO_DST_AVG_THROUGHPUT;L4_SRC_PORT,TCP_WIN_MAX_IN
DoS,ToN,58,3000,TCP_WIN_MAX_IN;LONGEST_FLOW_PKT;SRC_TO_DST_AVG_THROUGHPUT;MIN_TTL;DNS_QUERY_TYPE;DNS_TTL_ANSWER;IN_PKTS;L4_SRC_PORT;MIN_IP_PKT_LEN;DST_TO_SRC_AVG_THROUGHPUT,TCP_WIN_MAX_IN
DoS,ToN,59,3000,TCP_WIN_MAX_IN;DNS_QUERY_TYPE;LONGEST_FLOW_PKT;SRC_TO_DST_AVG_THROUGHPUT;MIN_TTL;DNS_TTL_ANSWER;DNS_QUERY_ID;IN_PKTS;L4_SRC_PORT;DST_TO_SRC_AVG_THROUGHPUT,TCP_WIN_MAX_IN
DoS,ToN,60,3000,TCP_WIN_MAX_IN;DNS_QUERY_TYPE;LONGEST_FLOW_PKT;SRC_TO_DST_AVG_THROUGHPUT;MIN_TTL;DNS_TTL_ANSWER;L4_SRC_PORT;DNS_QUERY_ID;NUM_PKTS_UP_TO_128_BYTES;DST_TO_SRC_AVG_THROUGHPUT,TCP_WIN_MAX_IN
DoS,ToN,61,3000,TCP_WIN_MAX_IN;DNS_QUERY_TYPE;LONGEST_FLOW_PKT;MIN_TTL;IN_PKTS;SRC_TO_DST_AVG_THROUGHPUT;DNS_TTL_ANSWER;DST_TO_SRC_AVG_THROUGHPUT;L4_SRC_PORT;DNS_QUERY_ID,TCP_WIN_MAX_IN
DoS,ToN,62,3000,TCP_WIN_MAX_IN;DNS_QUERY_TYPE;LONGEST_FLOW_PKT;DNS_TTL_ANSWER;MIN_TTL;IN_PKTS;OUT_BYTES;SRC_TO_DST_AVG_THROUGHPUT;DNS_QUERY_ID;L4_SRC_PORT,TCP_WIN_MAX_IN
DoS,ToN,63,3000,TCP_WIN_MAX_IN;DNS_QUERY_TYPE;LONGEST_FLOW_PKT;MIN_TTL;DNS_TTL_ANSWER;SRC_TO_DST_AVG_THROUGHPUT;IN_PKTS;DNS_QUERY_ID;L4_SRC_PORT;DST_TO_SRC_AVG_THROUGHPUT,TCP_WIN_MAX_IN
DoS,ToN,64,3000,TCP_WIN_MAX_IN;LONGEST_FLOW_PKT;DNS_QUERY_TYPE;MIN_TTL;SRC_TO_DST_AVG_THROUGHPUT;DNS_TTL_ANSWER;DNS_QUERY_ID;L4_SRC_PORT;IN_PKTS;SHORTEST_FLOW_PKT,TCP_WIN_MAX_IN
DoS,ToN,65,3000,TCP_WIN_MAX_IN;LONGEST_FLOW_PKT;DNS_QUERY_TYPE;MIN_TTL;DNS_TTL_ANSWER;DNS_QUERY_ID;IN_PKTS;DST_TO_SRC_AVG_THROUGHPUT;L4_SRC_PORT;MAX_TTL,TCP_WIN_MAX_IN
DoS,ToN,66,3000,TCP_WIN_MAX_IN;LONGEST_FLOW_PKT;DNS_QUERY_TYPE;MIN_TTL;DNS_TTL_ANSWER;IN_PKTS;SRC_TO_DST_AVG_THROUGHPUT;DST_TO_SRC_AVG_THROUGHPUT;L4_SRC_PORT;MIN_IP_PKT_LEN,TCP_WIN_MAX_IN
DoS,ToN,67,3000,TCP_WIN_MAX_IN;LONGEST_FLOW_PKT;DNS_QUERY_TYPE;MIN_TTL;DNS_TTL_ANSWER;IN_PKTS;DNS_QUERY_ID;SRC_TO_DST_AVG_THROUGHPUT;L4_SRC_PORT;SRC_TO_DST_SECOND_BYTES,TCP_WIN_MAX_IN
DoS,ToN,68,3000,TCP_WIN_MAX_IN;DNS_QUERY_TYPE;LONGEST_FLOW_PKT;MIN_TTL;DNS_TTL_ANSWER;IN_PKTS;SRC_TO_DST_AVG_THROUGHPUT;SHORTEST_FLOW_PKT;DNS_QUERY_ID;L4_SRC_PORT,TCP_WIN_MAX_IN
DoS,ToN,69,3000,TCP_WIN_MAX_IN;LONGEST_FLOW_PKT;DNS_QUERY_TYPE;DNS_TTL_ANSWER;MIN_TTL;SRC_TO_DST_AVG_THROUGHPUT;DNS_QUERY_ID;L4_SRC_PORT;NUM_PKTS_UP_TO_128_BYTES;SHORTEST_FLOW_PKT,TCP_WIN_MAX_IN
DoS,ToN,70,3000,TCP_WIN_MAX_IN;DNS_QUERY_TYPE;LONGEST_FLOW_PKT;MIN_TTL;DNS_TTL_ANSWER;IN_PKTS;DNS_QUERY_ID;SRC_TO_DST_AVG_THROUGHPUT;MIN_IP_PKT_LEN;IN_BYTES,TCP_WIN_MAX_IN
DoS,ToN,71,3000,TCP_WIN_MAX_IN;LONGEST_FLOW_PKT;DNS_QUERY_TYPE;MIN_TTL;DNS_TTL_ANSWER;SRC_TO_DST_AVG_THROUGHPUT;MIN_IP_PKT_LEN;DST_TO_SRC_AVG_THROUGHPUT;IN_PKTS;DNS_QUERY_ID,TCP_WIN_MAX_IN
DoS,BoT,42,3000,NUM_PKTS_UP_TO_128_BYTES;IN_BYTES;L4_SRC_PORT;DURATION_IN;FLOW_DURATION_MILLISECONDS;NUM_PKTS_128_TO_256_BYTES;SRC_TO_DST_SECOND_BYTES;SRC_TO_DST_AVG_THROUGHPUT;TCP_WIN_MAX_IN;SHORTEST_FLOW_PKT,NUM_PKTS_UP_TO_128_BYTES
DoS,BoT,43,3000,NUM_PKTS_UP_TO_128_BYTES;IN_BYTES;L4_SRC_PORT;DURATION_IN;FLOW_DURATION_MILLISECONDS;NUM_PKTS_128_TO_256_BYTES;SRC_TO_DST_SECOND_BYTES;TCP_WIN_MAX_IN;SHORTEST_FLOW_PKT;TCP_WIN_MAX_OUT,NUM_PKTS_UP_TO_128_BYTES
DoS,BoT,44,3000,NUM_PKTS_UP_TO_128_BYTES;IN_BYTES;L4_SRC_PORT;DURATION_IN;FLOW_DURATION_MILLISECONDS;NUM_PKTS_128_TO_256_BYTES;SRC_TO_DST_SECOND_BYTES;TCP_WIN_MAX_IN;SHORTEST_FLOW_PKT;SRC_TO_DST_AVG_THROUGHPUT,NUM_PKTS_UP_TO_128_BYTES
DoS,BoT,45,3000,NUM_PKTS_UP_TO_128_BYTES;IN_BYTES;L4_SRC_PORT;NUM_PKTS_128_TO_256_BYTES;DURATION_IN;FLOW_DURATION_MILLISECONDS;SRC_TO_DST_SECOND_BYTES;TCP_WIN_MAX_IN;SRC_TO_DST_AVG_THROUGHPUT;TCP_WIN_MAX_OUT,NUM_PKTS_UP_TO_128_BYTES
DoS,BoT,46,3000,NUM_PKTS_UP_TO_128_BYTES;L4_SRC_PORT;IN_BYTES;DURATION_IN;FLOW_DURATION_MILLISECONDS;NUM_PKTS_128_TO_256_BYTES;SRC_TO_DST_SECOND_BYTES;TCP_WIN_MAX_IN;SHORTEST_FLOW_PKT;TCP_WIN_MAX_OUT,NUM_PKTS_UP_TO_128_BYTES
DoS,BoT,47,3000,NUM_PKTS_UP_TO_128_BYTES;IN_BYTES;DURATION_IN;L4_SRC_PORT;NUM_PKTS_128_TO_256_BYTES;FLOW_DURATION_MILLISECONDS;SRC_TO_DST_SECOND_BYTES;TCP_WIN_MAX_IN;TCP_WIN_MAX_OUT;SHORTEST_FLOW_PKT,NUM_PKTS_UP_TO_128_BYTES
DoS,BoT,48,3000,NUM_PKTS_UP_TO_128_BYTES;IN_BYTES;DURATION_IN;FLOW_DURATION_MILLISECONDS;L4_SRC_PORT;NUM_PKTS_128_TO_256_BYTES;SRC_TO_DST_SECOND_BYTES;SHORTEST_FLOW_PKT;SERVER_TCP_FLAGS;TCP_WIN_MAX_IN,NUM_PKTS_UP_TO_128_BYTES
DoS,BoT,49,3000,NUM_PKTS_UP_TO_128_BYTES;IN_BYTES;L4_SRC_PORT;DURATION_IN;NUM_PKTS_128_TO_256_BYTES;FLOW_DURATION_MILLISECONDS;SRC_TO_DST_SECOND_BYTES;SRC_TO_DST_AVG_THROUGHPUT;TCP_WIN_MAX_IN;TCP_WIN_MAX_OUT,NUM_PKTS_UP_TO_128_BYTES
DoS,BoT,50,3000,NUM_PKTS_UP_TO_128_BYTES;IN_BYTES;DURATION_IN;L4_SRC_PORT;NUM_PKTS_128_TO_256_BYTES;FLOW_DURATION_MILLISECONDS;SRC_TO_DST_SECOND_BYTES;SHORTEST_FLOW_PKT;TCP_WIN_MAX_IN;TCP_WIN_MAX_OUT,NUM_PKTS_UP_TO_128_BYTES
DoS,BoT,51,3000,NUM_PKTS_UP_TO_128_BYTES;IN_BYTES;L4_SRC_PORT;DURATION_IN;FLOW_DURATION_MILLISECONDS;NUM_PKTS_128_TO_256_BYTES;SRC_TO_DST_SECOND_BYTES;SHORTEST_FLOW_PKT;TCP_WIN_MAX_IN;SRC_TO_DST_AVG_THROUGHPUT,NUM_PKTS_UP_TO_128_BYTES
DoS,BoT,52,3000,NUM_PKTS_UP_TO_128_BYTES;IN_BYTES;NUM_PKTS_128_TO_256_BYTES;DURATION_IN;L4_SRC_PORT;FLOW_DURATION_MILLISECONDS;SRC_TO_DST_SECOND_BYTES;TCP_WIN_MAX_IN;TCP_WIN_MAX_OUT;SRC_TO_DST_AVG_THROUGHPUT,NUM_PKTS_UP_TO_128_BYTES
DoS,BoT,53,3000,NUM_PKTS_UP_TO_128_BYTES;IN_BYTES;DURATION_IN;L4_SRC_PORT;FLOW_DURATION_MILLISECONDS;NUM_PKTS_128_TO_256_BYTES;SRC_TO_DST_SECOND_BYTES;TCP_WIN_MAX_IN;SHORTEST_FLOW_PKT;SERVER_TCP_FLAGS,NUM_PKTS_UP_TO_128_BYTES
DoS,BoT,54,3000,NUM_PKTS_UP_TO_128_BYTES;IN_BYTES;DURATION_IN;FLOW_DURATION_MILLISECONDS;L4_SRC_PORT;NUM_PKTS_128_TO_256_BYTES;SRC_TO_DST_SECOND_BYTES;SHORTEST_FLOW_PKT;TCP_WIN_MAX_IN;SRC_TO_DST_AVG_THROUGHPUT,NUM_PKTS_UP_TO_128_BYTES
DoS,BoT,55,3000,NUM_PKTS_UP_TO_128_BYTES;IN_BYTES;DURATION_IN;L4_SRC_PORT;FLOW_DURATION_MILLISECONDS;NUM_PKTS_128_TO_256_BYTES;SRC_TO_DST_SECOND_BYTES;SHORTEST_FLOW_PKT;TCP_WIN_MAX_IN;SRC_TO_DST_AVG_THROUGHPUT,NUM_PKTS_UP_TO_128_BYTES
DoS,BoT,56,3000,NUM_PKTS_UP_TO_128_BYTES;IN_BYTES;DURATION_IN;L4_SRC_PORT;FLOW_DURATION_MILLISECONDS;SRC_TO_DST_SECOND_BYTES;NUM_PKTS_128_TO_256_BYTES;TCP_WIN_MAX_IN;SHORTEST_FLOW_PKT;TCP_WIN_MAX_OUT,NUM_PKTS_UP_TO_128_BYTES
DoS,BoT,57,3000,NUM_PKTS_UP_TO_128_BYTES;IN_BYTES;L4_SRC_PORT;DURATION_IN;FLOW_DURATION_MILLISECONDS;NUM_PKTS_128_TO_256_BYTES;SRC_TO_DST_SECOND_BYTES;TCP_WIN_MAX_OUT;TCP_WIN_MAX_IN;SHORTEST_FLOW_PKT,NUM_PKTS_UP_TO_128_BYTES
DoS,BoT,58,3000,NUM_PKTS_UP_TO_128_BYTES;IN_BYTES;DURATION_IN;FLOW_DURATION_MILLISECONDS;L4_SRC_PORT;NUM_PKTS_128_TO_256_BYTES;SRC_TO_DST_SECOND_BYTES;TCP_WIN_MAX_IN;SRC_TO_DST_AVG_THROUGHPUT;TCP_WIN_MAX_OUT,NUM_PKTS_UP_TO_128_BYTES
DoS,BoT,59,3000,NUM_PKTS_UP_TO_128_BYTES;IN_BYTES;L4_SRC_PORT;DURATION_IN;FLOW_DURATION_MILLISECONDS;NUM_PKTS_128_TO_256_BYTES;SRC_TO_DST_SECOND_BYTES;TCP_WIN_MAX_OUT;TCP_WIN_MAX_IN;SERVER_TCP_FLAGS,NUM_PKTS_UP_TO_128_BYTES
DoS,BoT,60,3000,NUM_PKTS_UP_TO_128_BYTES;IN_BYTES;L4_SRC_PORT;DURATION_IN;FLOW_DURATION_MILLISECONDS;NUM_PKTS_128_TO_256_BYTES;SRC_TO_DST_SECOND_BYTES;TCP_WIN_MAX_IN;CLIENT_TCP_FLAGS;SRC_TO_DST_AVG_THROUGHPUT,NUM_PKTS_UP_TO_128_BYTES
DoS,BoT,61,3000,NUM_PKTS_UP_TO_128_BYTES;IN_BYTES;DURATION_IN;L4_SRC_PORT;FLOW_DURATION_MILLISECONDS;NUM_PKTS_128_TO_256_BYTES;SRC_TO_DST_SECOND_BYTES;TCP_WIN_MAX_IN;TCP_WIN_MAX_OUT;SHORTEST_FLOW_PKT,NUM_PKTS_UP_TO_128_BYTES
DoS,BoT,62,3000,NUM_PKTS_UP_TO_128_BYTES;IN_BYTES;DURATION_IN;L4_SRC_PORT;FLOW_DURATION_MILLISECONDS;NUM_PKTS_128_TO_256_BYTES;SRC_TO_DST_SECOND_BYTES;TCP_WIN_MAX_IN;TCP_WIN_MAX_OUT;SERVER_TCP_FLAGS,NUM_PKTS_UP_TO_128_BYTES
DoS,BoT,63,3000,NUM_PKTS_UP_TO_128_BYTES;IN_BYTES;L4_SRC_PORT;DURATION_IN;NUM_PKTS_128_TO_256_BYTES;FLOW_DURATION_MILLISECONDS;SRC_TO_DST_SECOND_BYTES;TCP_WIN_MAX_IN;SHORTEST_FLOW_PKT;SERVER_TCP_FLAGS,NUM_PKTS_UP_TO_128_BYTES
DoS,BoT,64,3000,NUM_PKTS_UP_TO_128_BYTES;IN_BYTES;DURATION_IN;FLOW_DURATION_MILLISECONDS;L4_SRC_PORT;NUM_PKTS_128_TO_256_BYTES;SRC_TO_DST_SECOND_BYTES;LONGEST_FLOW_PKT;TCP_WIN_MAX_IN;SRC_TO_DST_AVG_THROUGHPUT,NUM_PKTS_UP_TO_128_BYTES
DoS,BoT,65,3000,NUM_PKTS_UP_TO_128_BYTES;IN_BYTES;L4_SRC_PORT;DURATION_IN;NUM_PKTS_128_TO_256_BYTES;FLOW_DURATION_MILLISECONDS;SRC_TO_DST_SECOND_BYTES;TCP_WIN_MAX_IN;TCP_WIN_MAX_OUT;SHORTEST_FLOW_PKT,NUM_PKTS_UP_TO_128_BYTES
DoS,BoT,66,3000,NUM_PKTS_UP_TO_128_BYTES;IN_BYTES;L4_SRC_PORT;DURATION_IN;FLOW_DURATION_MILLISECONDS;NUM_PKTS_128_TO_256_BYTES;SRC_TO_DST_SECOND_BYTES;SHORTEST_FLOW_PKT;TCP_WIN_MAX_IN;SERVER_TCP_FLAGS,NUM_PKTS_UP_TO_128_BYTES
DoS,BoT,67,3000,NUM_PKTS_UP_TO_128_BYTES;IN_BYTES;L4_SRC_PORT;DURATION_IN;NUM_PKTS_128_TO_256_BYTES;FLOW_DURATION_MILLISECONDS;SRC_TO_DST_SECOND_BYTES;TCP_WIN_MAX_IN;CLIENT_TCP_FLAGS;TCP_WIN_MAX_OUT,NUM_PKTS_UP_TO_128_BYTES
DoS,BoT,68,3000,NUM_PKTS_UP_TO_128_BYTES;IN_BYTES;L4_SRC_PORT;NUM_PKTS_128_TO_256_BYTES;DURATION_IN;FLOW_DURATION_MILLISECONDS;SRC_TO_DST_SECOND_BYTES;SHORTEST_FLOW_PKT;TCP_WIN_MAX_IN;CLIENT_TCP_FLAGS,NUM_PKTS_UP_TO_128_BYTES
DoS,BoT,69,3000,NUM_PKTS_UP_TO_128_BYTES;IN_BYTES;DURATION_IN;L4_SRC_PORT;FLOW_DURATION_MILLISECONDS;NUM_PKTS_128_TO_256_BYTES;SRC_TO_DST_SECOND_BYTES;LONGEST_FLOW_PKT;TCP_WIN_MAX_IN;SHORTEST_FLOW_PKT,NUM_PKTS_UP_TO_128_BYTES
DoS,BoT,70,3000,NUM_PKTS_UP_TO_128_BYTES;IN_BYTES;L4_SRC_PORT;DURATION_IN;FLOW_DURATION_MILLISECONDS;NUM_PKTS_128_TO_256_BYTES;SRC_TO_DST_SECOND_BYTES;SHORTEST_FLOW_PKT;TCP_WIN_MAX_IN;TCP_WIN_MAX_OUT,NUM_PKTS_UP_TO_128_BYTES
DoS,BoT,71,3000,NUM_PKTS_UP_TO_128_BYTES;IN_BYTES;DURATION_IN;L4_SRC_PORT;FLOW_DURATION_MILLISECONDS;NUM_PKTS_128_TO_256_BYTES;SRC_TO_DST_SECOND_BYTES;TCP_WIN_MAX_IN;SERVER_TCP_FLAGS;TCP_WIN_MAX_OUT,NUM_PKTS_UP_TO_128_BYTES
Reconnaissance,UNSW,42,2556,MIN_TTL;L4_DST_PORT;MAX_TTL;MIN_IP_PKT_LEN;L4_SRC_PORT;LONGEST_FLOW_PKT;NUM_PKTS_UP_TO_128_BYTES;SRC_TO_DST_SECOND_BYTES;SHORTEST_FLOW_PKT;SRC_TO_DST_AVG_THROUGHPUT,MIN_TTL
Reconnaissance,UNSW,43,2556,MIN_TTL;L4_DST_PORT;MIN_IP_PKT_LEN;MAX_TTL;L4_SRC_PORT;L7_PROTO;LONGEST_FLOW_PKT;SHORTEST_FLOW_PKT;SRC_TO_DST_SECOND_BYTES;OUT_PKTS,MIN_TTL
Reconnaissance,UNSW,44,2556,L4_DST_PORT;MIN_TTL;MIN_IP_PKT_LEN;MAX_TTL;L4_SRC_PORT;SHORTEST_FLOW_PKT;LONGEST_FLOW_PKT;SRC_TO_DST_SECOND_BYTES;ICMP_IPV4_TYPE;NUM_PKTS_UP_TO_128_BYTES,L4_DST_PORT
Reconnaissance,UNSW,45,2556,MIN_TTL;L4_DST_PORT;MIN_IP_PKT_LEN;MAX_TTL;L4_SRC_PORT;LONGEST_FLOW_PKT;SHORTEST_FLOW_PKT;L7_PROTO;ICMP_IPV4_TYPE;SRC_TO_DST_SECOND_BYTES,MIN_TTL
Reconnaissance,UNSW,46,2556,L4_DST_PORT;MIN_TTL;MIN_IP_PKT_LEN;MAX_TTL;L4_SRC_PORT;LONGEST_FLOW_PKT;SHORTEST_FLOW_PKT;SRC_TO_DST_AVG_THROUGHPUT;ICMP_TYPE;L7_PROTO,L4_DST_PORT
Reconnaissance,UNSW,47,2556,MIN_TTL;L4_DST_PORT;MIN_IP_PKT_LEN;MAX_TTL;L4_SRC_PORT;LONGEST_FLOW_PKT;SRC_TO_DST_SECOND_BYTES;IN_BYTES;SRC_TO_DST_AVG_THROUGHPUT;SHORTEST_FLOW_PKT,MIN_TTL
Reconnaissance,UNSW,48,2556,L4_DST_PORT;MIN_TTL;MIN_IP_PKT_LEN;MAX_TTL;L4_SRC_PORT;LONGEST_FLOW_PKT;L7_PROTO;SRC_TO_DST_AVG_THROUGHPUT;IN_BYTES;ICMP_IPV4_TYPE,L4_DST_PORT
Reconnaissance,UNSW,49,2556,L4_DST_PORT;MIN_TTL;MAX_TTL;MIN_IP_PKT_LEN;L4_SRC_PORT;IN_BYTES;SHORTEST_FLOW_PKT;LONGEST_FLOW_PKT;ICMP_IPV4_TYPE;NUM_PKTS_UP_TO_128_BYTES,L4_DST_PORT
Reconnaissance,UNSW,50,2556,L4_DST_PORT;MIN_TTL;MIN_IP_PKT_LEN;MAX_TTL;LONGEST_FLOW_PKT;SHORTEST_FLOW_PKT;L4_SRC_PORT;L7_PROTO;SRC_TO_DST_SECOND_BYTES;SRC_TO_DST_AVG_THROUGHPUT,L4_DST_PORT
Reconnaissance,UNSW,51,2556,MIN_TTL;L4_DST_PORT;MIN_IP_PKT_LEN;MAX_TTL;LONGEST_FLOW_PKT;L4_SRC_PORT;SHORTEST_FLOW_PKT;NUM_PKTS_UP_TO_128_BYTES;L7_PROTO;IN_BYTES,MIN_TTL
Reconnaissance,UNSW,52,2556,L4_DST_PORT;MIN_TTL;MIN_IP_PKT_LEN;MAX_TTL;L4_SRC_PORT;LONGEST_FLOW_PKT;ICMP_TYPE;SHORTEST_FLOW_PKT;IN_BYTES;NUM_PKTS_UP_TO_128_BYTES,L4_DST_PORT
Reconnaissance,UNSW,53,2556,L4_DST_PORT;MIN_TTL;MAX_TTL;MIN_IP_PKT_LEN;L4_SRC_PORT;LONGEST_FLOW_PKT;SRC_TO_DST_SECOND_BYTES;ICMP_IPV4_TYPE;SHORTEST_FLOW_PKT;L7_PROTO,L4_DST_PORT
Reconnaissance,UNSW,54,2556,MIN_TTL;L4_DST_PORT;MIN_IP_PKT_LEN;MAX_TTL;L4_SRC_PORT;L7_PROTO;SHORTEST_FLOW_PKT;ICMP_IPV4_TYPE;SRC_TO_DST_AVG_THROUGHPUT;LONGEST_FLOW_PKT,MIN_TTL
Reconnaissance,UNSW,55,2556,L4_DST_PORT;MIN_TTL;MAX_TTL;MIN_IP_PKT_LEN;L4_SRC_PORT;SRC_TO_DST_SECOND_BYTES;LONGEST_FLOW_PKT;SHORTEST_FLOW_PKT;ICMP_IPV4_TYPE;TCP_FLAGS,L4_DST_PORT
Reconnaissance,UNSW,56,2556,L4_DST_PORT;MIN_TTL;MIN_IP_PKT_LEN;MAX_TTL;L4_SRC_PORT;SHORTEST_FLOW_PKT;LONGEST_FLOW_PKT;IN_BYTES;ICMP_TYPE;NUM_PKTS_UP_TO_128_BYTES,L4_DST_PORT
Reconnaissance,UNSW,57,2556,MIN_TTL;L4_DST_PORT;MAX_TTL;MIN_IP_PKT_LEN;LONGEST_FLOW_PKT;L4_SRC_PORT;SHORTEST_FLOW_PKT;L7_PROTO;IN_BYTES;SRC_TO_DST_AVG_THROUGHPUT,MIN_TTL
Reconnaissance,UNSW,58,2556,MIN_TTL;L4_DST_PORT;MAX_TTL;MIN_IP_PKT_LEN;L4_SRC_PORT;LONGEST_FLOW_PKT;ICMP_IPV4_TYPE;L7_PROTO;IN_BYTES;SHORTEST_FLOW_PKT,MIN_TTL
Reconnaissance,UNSW,59,2556,MIN_TTL;L4_DST_PORT;MAX_TTL;MIN_IP_PKT_LEN;LONGEST_FLOW_PKT;SHORTEST_FLOW_PKT;L4_SRC_PORT;L7_PROTO;ICMP_IPV4_TYPE;SRC_TO_DST_AVG_THROUGHPUT,MIN_TTL
Reconnaissance,UNSW,60,2556,MIN_TTL;L4_DST_PORT;MIN_IP_PKT_LEN;MAX_TTL;L4_SRC_PORT;LONGEST_FLOW_PKT;SHORTEST_FLOW_PKT;ICMP_IPV4_TYPE;L7_PROTO;NUM_PKTS_UP_TO_128_BYTES,MIN_TTL
Reconnaissance,UNSW,61,2556,MIN_TTL;L4_DST_PORT;MIN_IP_PKT_LEN;MAX_TTL;L4_SRC_PORT;SHORTEST_FLOW_PKT;LONGEST_FLOW_PKT;L7_PROTO;SRC_TO_DST_SECOND_BYTES;SRC_TO_DST_AVG_THROUGHPUT,MIN_TTL
Reconnaissance,UNSW,62,2556,L4_DST_PORT;MIN_TTL;MAX_TTL;MIN_IP_PKT_LEN;L4_SRC_PORT;LONGEST_FLOW_PKT;SHORTEST_FLOW_PKT;SRC_TO_DST_SECOND_BYTES;L7_PROTO;IN_BYTES,L4_DST_PORT
Reconnaissance,UNSW,63,2556,MIN_TTL;L4_DST_PORT;MIN_IP_PKT_LEN;MAX_TTL;L4_SRC_PORT;LONGEST_FLOW_PKT;L7_PROTO;SRC_TO_DST_AVG_THROUGHPUT;SHORTEST_FLOW_PKT;ICMP_IPV4_TYPE,MIN_TTL
Reconnaissance,UNSW,64,2556,MIN_TTL;L4_DST_PORT;MIN_IP_PKT_LEN;MAX_TTL;L4_SRC_PORT;LONGEST_FLOW_PKT;SHORTEST_FLOW_PKT;ICMP_IPV4_TYPE;SRC_TO_DST_AVG_THROUGHPUT;RETRANSMITTED_IN_BYTES,MIN_TTL
Reconnaissance,UNSW,65,2556,L4_DST_PORT;MIN_TTL;MAX_TTL;MIN_IP_PKT_LEN;L4_SRC_PORT;LONGEST_FLOW_PKT;SRC_TO_DST_SECOND_BYTES;ICMP_IPV4_TYPE;IN_BYTES;SHORTEST_FLOW_PKT,L4_DST_PORT
Reconnaissance,UNSW,66,2556,L4_DST_PORT;MIN_TTL;MIN_IP_PKT_LEN;MAX_TTL;L4_SRC_PORT;LONGEST_FLOW_PKT;SHORTEST_FLOW_PKT;SRC_TO_DST_SECOND_BYTES;ICMP_IPV4_TYPE;IN_BYTES,L4_DST_PORT
Reconnaissance,UNSW,67,2556,MIN_TTL;L4_DST_PORT;MAX_TTL;MIN_IP_PKT_LEN;LONGEST_FLOW_PKT;L4_SRC_PORT;SHORTEST_FLOW_PKT;NUM_PKTS_UP_TO_128_BYTES;ICMP_TYPE;SRC_TO_DST_SECOND_BYTES,MIN_TTL
Reconnaissance,UNSW,68,2556,L4_DST_PORT;MIN_TTL;MIN_IP_PKT_LEN;MAX_TTL;LONGEST_FLOW_PKT;L4_SRC_PORT;ICMP_IPV4_TYPE;ICMP_TYPE;SRC_TO_DST_SECOND_BYTES;DST_TO_SRC_SECOND_BYTES,L4_DST_PORT
Reconnaissance,UNSW,69,2556,L4_DST_PORT;MIN_TTL;MIN_IP_PKT_LEN;MAX_TTL;L4_SRC_PORT;SHORTEST_FLOW_PKT;LONGEST_FLOW_PKT;L7_PROTO;TCP_FLAGS;SRC_TO_DST_SECOND_BYTES,L4_DST_PORT
Reconnaissance,UNSW,70,2556,MIN_TTL;L4_DST_PORT;MIN_IP_PKT_LEN;MAX_TTL;L4_SRC_PORT;LONGEST_FLOW_PKT;ICMP_TYPE;L7_PROTO;SRC_TO_DST_AVG_THROUGHPUT;SHORTEST_FLOW_PKT,MIN_TTL
Reconnaissance,UNSW,71,2556,MIN_TTL;L4_DST_PORT;MAX_TTL;MIN_IP_PKT_LEN;L4_SRC_PORT;LONGEST_FLOW_PKT;ICMP_IPV4_TYPE;SHORTEST_FLOW_PKT;NUM_PKTS_UP_TO_128_BYTES;SRC_TO_DST_SECOND_BYTES,MIN_TTL
Reconnaissance,ToN,42,3000,LONGEST_FLOW_PKT;SRC_TO_DST_AVG_THROUGHPUT;SRC_TO_DST_SECOND_BYTES;IN_BYTES;L7_PROTO;SHORTEST_FLOW_PKT;L4_DST_PORT;FLOW_DURATION_MILLISECONDS;TCP_WIN_MAX_IN;CLIENT_TCP_FLAGS,LONGEST_FLOW_PKT
Reconnaissance,ToN,43,3000,SRC_TO_DST_AVG_THROUGHPUT;LONGEST_FLOW_PKT;SRC_TO_DST_SECOND_BYTES;L7_PROTO;L4_DST_PORT;SHORTEST_FLOW_PKT;CLIENT_TCP_FLAGS;IN_BYTES;FLOW_DURATION_MILLISECONDS;TCP_FLAGS,SRC_TO_DST_AVG_THROUGHPUT
Reconnaissance,ToN,44,3000,LONGEST_FLOW_PKT;SRC_TO_DST_AVG_THROUGHPUT;SRC_TO_DST_SECOND_BYTES;L7_PROTO;SHORTEST_FLOW_PKT;L4_DST_PORT;TCP_WIN_MAX_IN;FLOW_DURATION_MILLISECONDS;IN_BYTES;CLIENT_TCP_FLAGS,LONGEST_FLOW_PKT
Reconnaissance,ToN,45,3000,LONGEST_FLOW_PKT;SRC_TO_DST_AVG_THROUGHPUT;SRC_TO_DST_SECOND_BYTES;L7_PROTO;SHORTEST_FLOW_PKT;L4_DST_PORT;IN_BYTES;FLOW_DURATION_MILLISECONDS;TCP_WIN_MAX_IN;CLIENT_TCP_FLAGS,LONGEST_FLOW_PKT
Reconnaissance,ToN,46,3000,LONGEST_FLOW_PKT;SRC_TO_DST_AVG_THROUGHPUT;SRC_TO_DST_SECOND_BYTES;L7_PROTO;IN_BYTES;SHORTEST_FLOW_PKT;L4_DST_PORT;FLOW_DURATION_MILLISECONDS;TCP_FLAGS;CLIENT_TCP_FLAGS,LONGEST_FLOW_PKT
Reconnaissance,ToN,47,3000,LONGEST_FLOW_PKT;SRC_TO_DST_AVG_THROUGHPUT;SRC_TO_DST_SECOND_BYTES;L7_PROTO;SHORTEST_FLOW_PKT;L4_DST_PORT;TCP_WIN_MAX_IN;FLOW_DURATION_MILLISECONDS;CLIENT_TCP_FLAGS;TCP_FLAGS,LONGEST_FLOW_PKT
Reconnaissance,ToN,48,3000,LONGEST_FLOW_PKT;IN_BYTES;SRC_TO_DST_AVG_THROUGHPUT;SRC_TO_DST_SECOND_BYTES;L7_PROTO;L4_DST_PORT;SHORTEST_FLOW_PKT;FLOW_DURATION_MILLISECONDS;CLIENT_TCP_FLAGS;TCP_FLAGS,LONGEST_FLOW_PKT
Reconnaissance,ToN,49,3000,LONGEST_FLOW_PKT;SRC_TO_DST_AVG_THROUGHPUT;SRC_TO_DST_SECOND_BYTES;L7_PROTO;IN_BYTES;L4_DST_PORT;SHORTEST_FLOW_PKT;TCP_WIN_MAX_IN;FLOW_DURATION_MILLISECONDS;TCP_FLAGS,LONGEST_FLOW_PKT
Reconnaissance,ToN,50,3000,LONGEST_FLOW_PKT;SRC_TO_DST_AVG_THROUGHPUT;SRC_TO_DST_SECOND_BYTES;L7_PROTO;SHORTEST_FLOW_PKT;IN_BYTES;L4_DST_PORT;FLOW_DURATION_MILLISECONDS;CLIENT_TCP_FLAGS;TCP_FLAGS,LONGEST_FLOW_PKT
Reconnaissance,ToN,51,3000,LONGEST_FLOW_PKT;SRC_TO_DST_AVG_THROUGHPUT;SRC_TO_DST_SECOND_BYTES;L7_PROTO;SHORTEST_FLOW_PKT;L4_DST_PORT;TCP_WIN_MAX_IN;FLOW_DURATION_MILLISECONDS;CLIENT_TCP_FLAGS;IN_BYTES,LONGEST_FLOW_PKT
Reconnaissance,ToN,52,3000,LONGEST_FLOW_PKT;SRC_TO_DST_AVG_THROUGHPUT;SRC_TO_DST_SECOND_BYTES;L7_PROTO;SHORTEST_FLOW_PKT;L4_DST_PORT;FLOW_DURATION_MILLISECONDS;CLIENT_TCP_FLAGS;IN_BYTES;TCP_FLAGS,LONGEST_FLOW_PKT
Reconnaissance,ToN,53,3000,LONGEST_FLOW_PKT;IN_BYTES;L7_PROTO;SRC_TO_DST_AVG_THROUGHPUT;SHORTEST_FLOW_PKT;SRC_TO_DST_SECOND_BYTES;CLIENT_TCP_FLAGS;FLOW_DURATION_MILLISECONDS;L4_DST_PORT;TCP_WIN_MAX_IN,LONGEST_FLOW_PKT
Reconnaissance,ToN,54,3000,LONGEST_FLOW_PKT;SRC_TO_DST_AVG_THROUGHPUT;SRC_TO_DST_SECOND_BYTES;SHORTEST_FLOW_PKT;L7_PROTO;L4_DST_PORT;TCP_WIN_MAX_IN;FLOW_DURATION_MILLISECONDS;CLIENT_TCP_FLAGS;TCP_FLAGS,LONGEST_FLOW_PKT
Reconnaissance,ToN,55,3000,LONGEST_FLOW_PKT;SRC_TO_DST_AVG_THROUGHPUT;SRC_TO_DST_SECOND_BYTES;IN_BYTES;L7_PROTO;L4_DST_PORT;SHORTEST_FLOW_PKT;FLOW_DURATION_MILLISECONDS;CLIENT_TCP_FLAGS;TCP_WIN_MAX_IN,LONGEST_FLOW_PKT
Reconnaissance,ToN,56,3000,LONGEST_FLOW_PKT;SRC_TO_DST_AVG_THROUGHPUT;SRC_TO_DST_SECOND_BYTES;L7_PROTO;L4_DST_PORT;IN_BYTES;SHORTEST_FLOW_PKT;CLIENT_TCP_FLAGS;TCP_WIN_MAX_IN;FLOW_DURATION_MILLISECONDS,LONGEST_FLOW_PKT
Reconnaissance,ToN,57,3000,LONGEST_FLOW_PKT;SRC_TO_DST_AVG_THROUGHPUT;IN_BYTES;SRC_TO_DST_SECOND_BYTES;L7_PROTO;SHORTEST_FLOW_PKT;L4_DST_PORT;TCP_WIN_MAX_IN;TCP_FLAGS;FLOW_DURATION_MILLISECONDS,LONGEST_FLOW_PKT
Reconnaissance,ToN,58,3000,LONGEST_FLOW_PKT;SRC_TO_DST_AVG_THROUGHPUT;SRC_TO_DST_SECOND_BYTES;L7_PROTO;SHORTEST_FLOW_PKT;IN_BYTES;L4_DST_PORT;TCP_WIN_MAX_IN;FLOW_DURATION_MILLISECONDS;CLIENT_TCP_FLAGS,LONGEST_FLOW_PKT
Reconnaissance,ToN,59,3000,LONGEST_FLOW_PKT;SRC_TO_DST_AVG_THROUGHPUT;L7_PROTO;SRC_TO_DST_SECOND_BYTES;L4_DST_PORT;SHORTEST_FLOW_PKT;IN_BYTES;TCP_WIN_MAX_IN;CLIENT_TCP_FLAGS;FLOW_DURATION_MILLISECONDS,LONGEST_FLOW_PKT
Reconnaissance,ToN,60,3000,LONGEST_FLOW_PKT;SRC_TO_DST_AVG_THROUGHPUT;SRC_TO_DST_SECOND_BYTES;L7_PROTO;SHORTEST_FLOW_PKT;IN_BYTES;L4_DST_PORT;CLIENT_TCP_FLAGS;FLOW_DURATION_MILLISECONDS;TCP_FLAGS,LONGEST_FLOW_PKT
Reconnaissance,ToN,61,3000,LONGEST_FLOW_PKT;SRC_TO_DST_AVG_THROUGHPUT;SRC_TO_DST_SECOND_BYTES;L7_PROTO;SHORTEST_FLOW_PKT;L4_DST_PORT;CLIENT_TCP_FLAGS;FLOW_DURATION_MILLISECONDS;TCP_WIN_MAX_IN;TCP_FLAGS,LONGEST_FLOW_PKT
Reconnaissance,ToN,62,3000,LONGEST_FLOW_PKT;SRC_TO_DST_AVG_THROUGHPUT;SRC_TO_DST_SECOND_BYTES;IN_BYTES;L7_PROTO;SHORTEST_FLOW_PKT;L4_DST_PORT;TCP_WIN_MAX_IN;FLOW_DURATION_MILLISECONDS;TCP_FLAGS,LONGEST_FLOW_PKT
Reconnaissance,ToN,63,3000,LONGEST_FLOW_PKT;SRC_TO_DST_AVG_THROUGHPUT;SRC_TO_DST_SECOND_BYTES;L7_PROTO;SHORTEST_FLOW_PKT;L4_DST_PORT;TCP_WIN_MAX_IN;CLIENT_TCP_FLAGS;FLOW_DURATION_MILLISECONDS;TCP_FLAGS,LONGEST_FLOW_PKT
Reconnaissance,ToN,64,3000,LONGEST_FLOW_PKT;SRC_TO_DST_AVG_THROUGHPUT;SRC_TO_DST_SECOND_BYTES;SHORTEST_FLOW_PKT;L7_PROTO;L4_DST_PORT;IN_BYTES;TCP_WIN_MAX_IN;TCP_FLAGS;FLOW_DURATION_MILLISECONDS,LONGEST_FLOW_PKT
Reconnaissance,ToN,65,3000,LONGEST_FLOW_PKT;SRC_TO_DST_AVG_THROUGHPUT;L7_PROTO;SRC_TO_DST_SECOND_BYTES;L4_DST_PORT;SHORTEST_FLOW_PKT;IN_BYTES;CLIENT_TCP_FLAGS;FLOW_DURATION_MILLISECONDS;TCP_WIN_MAX_IN,LONGEST_FLOW_PKT
Reconnaissance,ToN,66,3000,LONGEST_FLOW_PKT;SRC_TO_DST_AVG_THROUGHPUT;SRC_TO_DST_SECOND_BYTES;L7_PROTO;SHORTEST_FLOW_PKT;IN_BYTES;TCP_WIN_MAX_IN;L4_DST_PORT;CLIENT_TCP_FLAGS;FLOW_DURATION_MILLISECONDS,LONGEST_FLOW_PKT
Reconnaissance,ToN,67,3000,LONGEST_FLOW_PKT;SRC_TO_DST_AVG_THROUGHPUT;SRC_TO_DST_SECOND_BYTES;L7_PROTO;SHORTEST_FLOW_PKT;IN_BYTES;TCP_WIN_MAX_IN;L4_DST_PORT;FLOW_DURATION_MILLISECONDS;CLIENT_TCP_FLAGS,LONGEST_FLOW_PKT
Reconnaissance,ToN,68,3000,LONGEST_FLOW_PKT;SRC_TO_DST_AVG_THROUGHPUT;SRC_TO_DST_SECOND_BYTES;L7_PROTO;SHORTEST_FLOW_PKT;L4_DST_PORT;FLOW_DURATION_MILLISECONDS;TCP_FLAGS;IN_BYTES;TCP_WIN_MAX_IN,LONGEST_FLOW_PKT
Reconnaissance,ToN,69,3000,LONGEST_FLOW_PKT;SRC_TO_DST_AVG_THROUGHPUT;SRC_TO_DST_SECOND_BYTES;TCP_WIN_MAX_IN;L7_PROTO;IN_BYTES;SHORTEST_FLOW_PKT;L4_DST_PORT;FLOW_DURATION_MILLISECONDS;CLIENT_TCP_FLAGS,LONGEST_FLOW_PKT
Reconnaissance,ToN,70,3000,LONGEST_FLOW_PKT;SRC_TO_DST_AVG_THROUGHPUT;SRC_TO_DST_SECOND_BYTES;L7_PROTO;IN_BYTES;L4_DST_PORT;SHORTEST_FLOW_PKT;FLOW_DURATION_MILLISECONDS;TCP_FLAGS;CLIENT_TCP_FLAGS,LONGEST_FLOW_PKT
Reconnaissance,ToN,71,3000,LONGEST_FLOW_PKT;SRC_TO_DST_AVG_THROUGHPUT;L7_PROTO;IN_BYTES;SRC_TO_DST_SECOND_BYTES;SHORTEST_FLOW_PKT;L4_DST_PORT;CLIENT_TCP_FLAGS;FLOW_DURATION_MILLISECONDS;TCP_WIN_MAX_IN,LONGEST_FLOW_PKT
Reconnaissance,BoT,42,3000,SERVER_TCP_FLAGS;DURATION_IN;FLOW_DURATION_MILLISECONDS;TCP_FLAGS;SHORTEST_FLOW_PKT;TCP_WIN_MAX_OUT;SRC_TO_DST_AVG_THROUGHPUT;TCP_WIN_MAX_IN;L4_SRC_PORT;IN_BYTES,SERVER_TCP_FLAGS
Reconnaissance,BoT,43,3000,SERVER_TCP_FLAGS;FLOW_DURATION_MILLISECONDS;DURATION_IN;TCP_FLAGS;TCP_WIN_MAX_OUT;SHORTEST_FLOW_PKT;IN_BYTES;L4_SRC_PORT;SRC_TO_DST_AVG_THROUGHPUT;TCP_WIN_MAX_IN,SERVER_TCP_FLAGS
Reconnaissance,BoT,44,3000,SERVER_TCP_FLAGS;DURATION_IN;FLOW_DURATION_MILLISECONDS;SRC_TO_DST_AVG_THROUGHPUT;TCP_WIN_MAX_OUT;SHORTEST_FLOW_PKT;TCP_FLAGS;IN_BYTES;L4_SRC_PORT;TCP_WIN_MAX_IN,SERVER_TCP_FLAGS
Reconnaissance,BoT,45,3000,SERVER_TCP_FLAGS;DURATION_IN;FLOW_DURATION_MILLISECONDS;TCP_FLAGS;SHORTEST_FLOW_PKT;SRC_TO_DST_AVG_THROUGHPUT;TCP_WIN_MAX_OUT;IN_BYTES;TCP_WIN_MAX_IN;L4_SRC_PORT,SERVER_TCP_FLAGS
Reconnaissance,BoT,46,3000,SERVER_TCP_FLAGS;DURATION_IN;FLOW_DURATION_MILLISECONDS;IN_BYTES;TCP_FLAGS;SRC_TO_DST_AVG_THROUGHPUT;TCP_WIN_MAX_OUT;TCP_WIN_MAX_IN;SHORTEST_FLOW_PKT;L4_SRC_PORT,SERVER_TCP_FLAGS
Reconnaissance,BoT,47,3000,SERVER_TCP_FLAGS;DURATION_IN;FLOW_DURATION_MILLISECONDS;TCP_FLAGS;SRC_TO_DST_AVG_THROUGHPUT;SHORTEST_FLOW_PKT;IN_BYTES;TCP_WIN_MAX_OUT;TCP_WIN_MAX_IN;L4_SRC_PORT,SERVER_TCP_FLAGS
Reconnaissance,BoT,48,3000,SERVER_TCP_FLAGS;FLOW_DURATION_MILLISECONDS;DURATION_IN;IN_BYTES;TCP_WIN_MAX_OUT;SRC_TO_DST_AVG_THROUGHPUT;TCP_FLAGS;SHORTEST_FLOW_PKT;L4_SRC_PORT;TCP_WIN_MAX_IN,SERVER_TCP_FLAGS
Reconnaissance,BoT,49,3000,SERVER_TCP_FLAGS;FLOW_DURATION_MILLISECONDS;DURATION_IN;SRC_TO_DST_AVG_THROUGHPUT;SHORTEST_FLOW_PKT;TCP_WIN_MAX_OUT;TCP_FLAGS;IN_BYTES;L4_SRC_PORT;TCP_WIN_MAX_IN,SERVER_TCP_FLAGS
Reconnaissance,BoT,50,3000,SERVER_TCP_FLAGS;FLOW_DURATION_MILLISECONDS;DURATION_IN;TCP_FLAGS;IN_BYTES;TCP_WIN_MAX_OUT;SRC_TO_DST_AVG_THROUGHPUT;SHORTEST_FLOW_PKT;L4_SRC_PORT;TCP_WIN_MAX_IN,SERVER_TCP_FLAGS
Reconnaissance,BoT,51,3000,SERVER_TCP_FLAGS;FLOW_DURATION_MILLISECONDS;DURATION_IN;TCP_WIN_MAX_IN;TCP_WIN_MAX_OUT;SRC_TO_DST_AVG_THROUGHPUT;SHORTEST_FLOW_PKT;L4_SRC_PORT;TCP_FLAGS;LONGEST_FLOW_PKT,SERVER_TCP_FLAGS
Reconnaissance,BoT,52,3000,SERVER_TCP_FLAGS;DURATION_IN;FLOW_DURATION_MILLISECONDS;TCP_FLAGS;SRC_TO_DST_AVG_THROUGHPUT;TCP_WIN_MAX_IN;TCP_WIN_MAX_OUT;SHORTEST_FLOW_PKT;L4_SRC_PORT;IN_BYTES,SERVER_TCP_FLAGS
Reconnaissance,BoT,53,3000,SERVER_TCP_FLAGS;FLOW_DURATION_MILLISECONDS;DURATION_IN;SRC_TO_DST_AVG_THROUGHPUT;IN_BYTES;SHORTEST_FLOW_PKT;TCP_WIN_MAX_OUT;L4_SRC_PORT;SRC_TO_DST_SECOND_BYTES;TCP_FLAGS,SERVER_TCP_FLAGS
Reconnaissance,BoT,54,3000,SERVER_TCP_FLAGS;FLOW_DURATION_MILLISECONDS;DURATION_IN;TCP_FLAGS;IN_BYTES;SRC_TO_DST_AVG_THROUGHPUT;TCP_WIN_MAX_OUT;SHORTEST_FLOW_PKT;L4_SRC_PORT;NUM_PKTS_128_TO_256_BYTES,SERVER_TCP_FLAGS
Reconnaissance,BoT,55,3000,SERVER_TCP_FLAGS;FLOW_DURATION_MILLISECONDS;DURATION_IN;TCP_FLAGS;SRC_TO_DST_AVG_THROUGHPUT;TCP_WIN_MAX_OUT;L4_SRC_PORT;SHORTEST_FLOW_PKT;IN_BYTES;NUM_PKTS_128_TO_256_BYTES,SERVER_TCP_FLAGS
Reconnaissance,BoT,56,3000,SERVER_TCP_FLAGS;TCP_FLAGS;DURATION_IN;FLOW_DURATION_MILLISECONDS;IN_BYTES;SRC_TO_DST_AVG_THROUGHPUT;TCP_WIN_MAX_OUT;SRC_TO_DST_SECOND_BYTES;L4_SRC_PORT;TCP_WIN_MAX_IN,SERVER_TCP_FLAGS
Reconnaissance,BoT,57,3000,SERVER_TCP_FLAGS;FLOW_DURATION_MILLISECONDS;DURATION_IN;TCP_WIN_MAX_OUT;TCP_FLAGS;SRC_TO_DST_AVG_THROUGHPUT;IN_BYTES;SHORTEST_FLOW_PKT;TCP_WIN_MAX_IN;L4_SRC_PORT,SERVER_TCP_FLAGS
Reconnaissance,BoT,58,3000,SERVER_TCP_FLAGS;FLOW_DURATION_MILLISECONDS;DURATION_IN;TCP_FLAGS;TCP_WIN_MAX_OUT;IN_BYTES;L4_SRC_PORT;SHORTEST_FLOW_PKT;SRC_TO_DST_AVG_THROUGHPUT;TCP_WIN_MAX_IN,SERVER_TCP_FLAGS
Reconnaissance,BoT,59,3000,SERVER_TCP_FLAGS;FLOW_DURATION_MILLISECONDS;DURATION_IN;SHORTEST_FLOW_PKT;TCP_WIN_MAX_OUT;IN_BYTES;TCP_WIN_MAX_IN;L4_SRC_PORT;SRC_TO_DST_AVG_THROUGHPUT;TCP_FLAGS,SERVER_TCP_FLAGS
Reconnaissance,BoT,60,3000,SERVER_TCP_FLAGS;FLOW_DURATION_MILLISECONDS;DURATION_IN;TCP_FLAGS;TCP_WIN_MAX_IN;TCP_WIN_MAX_OUT;SRC_TO_DST_AVG_THROUGHPUT;SHORTEST_FLOW_PKT;L4_SRC_PORT;IN_BYTES,SERVER_TCP_FLAGS
Reconnaissance,BoT,61,3000,SERVER_TCP_FLAGS;FLOW_DURATION_MILLISECONDS;DURATION_IN;SRC_TO_DST_AVG_THROUGHPUT;TCP_FLAGS;TCP_WIN_MAX_OUT;TCP_WIN_MAX_IN;SHORTEST_FLOW_PKT;L4_SRC_PORT;IN_BYTES,SERVER_TCP_FLAGS
Reconnaissance,BoT,62,3000,SERVER_TCP_FLAGS;FLOW_DURATION_MILLISECONDS;DURATION_IN;SHORTEST_FLOW_PKT;TCP_FLAGS;SRC_TO_DST_AVG_THROUGHPUT;TCP_WIN_MAX_OUT;TCP_WIN_MAX_IN;L4_SRC_PORT;IN_BYTES,SERVER_TCP_FLAGS
Reconnaissance,BoT,63,3000,SERVER_TCP_FLAGS;FLOW_DURATION_MILLISECONDS;DURATION_IN;TCP_FLAGS;SHORTEST_FLOW_PKT;TCP_WIN_MAX_OUT;IN_BYTES;TCP_WIN_MAX_IN;L4_SRC_PORT;SRC_TO_DST_AVG_THROUGHPUT,SERVER_TCP_FLAGS
Reconnaissance,BoT,64,3000,SERVER_TCP_FLAGS;SRC_TO_DST_AVG_THROUGHPUT;FLOW_DURATION_MILLISECONDS;TCP_FLAGS;DURATION_IN;TCP_WIN_MAX_OUT;IN_BYTES;SHORTEST_FLOW_PKT;L4_SRC_PORT;TCP_WIN_MAX_IN,SERVER_TCP_FLAGS
Reconnaissance,BoT,65,3000,SERVER_TCP_FLAGS;FLOW_DURATION_MILLISECONDS;DURATION_IN;SRC_TO_DST_AVG_THROUGHPUT;TCP_WIN_MAX_OUT;TCP_WIN_MAX_IN;IN_BYTES;TCP_FLAGS;L4_SRC_PORT;SHORTEST_FLOW_PKT,SERVER_TCP_FLAGS
Reconnaissance,BoT,66,3000,SERVER_TCP_FLAGS;DURATION_IN;FLOW_DURATION_MILLISECONDS;SRC_TO_DST_AVG_THROUGHPUT;TCP_FLAGS;IN_BYTES;SHORTEST_FLOW_PKT;TCP_WIN_MAX_OUT;L4_SRC_PORT;NUM_PKTS_128_TO_256_BYTES,SERVER_TCP_FLAGS
Reconnaissance,BoT,67,3000,SERVER_TCP_FLAGS;DURATION_IN;FLOW_DURATION_MILLISECONDS;SRC_TO_DST_AVG_THROUGHPUT;IN_BYTES;TCP_FLAGS;TCP_WIN_MAX_OUT;L4_SRC_PORT;SHORTEST_FLOW_PKT;TCP_WIN_MAX_IN,SERVER_TCP_FLAGS
Reconnaissance,BoT,68,3000,SERVER_TCP_FLAGS;DURATION_IN;FLOW_DURATION_MILLISECONDS;TCP_FLAGS;SHORTEST_FLOW_PKT;SRC_TO_DST_AVG_THROUGHPUT;TCP_WIN_MAX_OUT;IN_BYTES;L4_SRC_PORT;NUM_PKTS_128_TO_256_BYTES,SERVER_TCP_FLAGS
Reconnaissance,BoT,69,3000,SERVER_TCP_FLAGS;FLOW_DURATION_MILLISECONDS;DURATION_IN;SHORTEST_FLOW_PKT;TCP_WIN_MAX_OUT;IN_BYTES;TCP_FLAGS;SRC_TO_DST_AVG_THROUGHPUT;L4_SRC_PORT;TCP_WIN_MAX_IN,SERVER_TCP_FLAGS
Reconnaissance,BoT,70,3000,SERVER_TCP_FLAGS;DURATION_IN;FLOW_DURATION_MILLISECONDS;SHORTEST_FLOW_PKT;TCP_WIN_MAX_IN;TCP_WIN_MAX_OUT;SRC_TO_DST_AVG_THROUGHPUT;L4_SRC_PORT;NUM_PKTS_128_TO_256_BYTES;TCP_FLAGS,SERVER_TCP_FLAGS
Reconnaissance,BoT,71,3000,SERVER_TCP_FLAGS;DURATION_IN;FLOW_DURATION_MILLISECONDS;TCP_WIN_MAX_OUT;TCP_FLAGS;SHORTEST_FLOW_PKT;SRC_TO_DST_AVG_THROUGHPUT;L4_SRC_PORT;IN_BYTES;TCP_WIN_MAX_IN,SERVER_TCP_FLAGS
