semantic_class,target,source,condition,env_same,seed,f1,auc_roc
DoS,UNSW,CIC,Random-10-Direct,True,42,0.0,0.422888
DoS,UNSW,ToN,Random-10-Direct,False,42,0.0,0.274319
DoS,UNSW,BoT,Random-10-Direct,False,42,0.0,0.648782
DoS,UNSW,CIC,Random-10-Direct,True,43,0.001721,0.562056
DoS,UNSW,ToN,Random-10-Direct,False,43,0.0,0.507721
DoS,UNSW,BoT,Random-10-Direct,False,43,0.0,0.466916
DoS,UNSW,CIC,Random-10-Direct,True,44,0.0,0.219679
DoS,UNSW,ToN,Random-10-Direct,False,44,0.001721,0.562568
DoS,UNSW,BoT,Random-10-Direct,False,44,0.0,0.568999
DoS,UNSW,CIC,Random-10-Direct,True,45,0.04447,0.422693
DoS,UNSW,ToN,Random-10-Direct,False,45,0.01336,0.647941
DoS,UNSW,BoT,Random-10-Direct,False,45,0.0,0.620604
DoS,UNSW,CIC,Random-10-Direct,True,46,0.242684,0.447964
DoS,UNSW,ToN,Random-10-Direct,False,46,0.0,0.300557
DoS,UNSW,BoT,Random-10-Direct,False,46,0.055794,0.476503
DoS,UNSW,CIC,Random-10-Direct,True,47,0.0,0.576842
DoS,UNSW,ToN,Random-10-Direct,False,47,0.0,0.617014
DoS,UNSW,BoT,Random-10-Direct,False,47,0.0,0.765501
DoS,UNSW,CIC,Random-10-Direct,True,48,0.341564,0.773504
DoS,UNSW,ToN,Random-10-Direct,False,48,0.003436,0.44094
DoS,UNSW,BoT,Random-10-Direct,False,48,0.006873,0.701773
DoS,UNSW,CIC,Random-10-Direct,True,49,0.015398,0.828903
DoS,UNSW,ToN,Random-10-Direct,False,49,0.002088,0.539809
DoS,UNSW,BoT,Random-10-Direct,False,49,0.0,0.38814
DoS,UNSW,CIC,Random-10-Direct,True,50,0.011997,0.435862
DoS,UNSW,ToN,Random-10-Direct,False,50,0.054143,0.611844
DoS,UNSW,BoT,Random-10-Direct,False,50,0.0,0.604714
DoS,UNSW,CIC,Random-10-Direct,True,51,0.30643,0.341406
DoS,UNSW,ToN,Random-10-Direct,False,51,0.003442,0.376454
DoS,UNSW,BoT,Random-10-Direct,False,51,0.001717,0.378436
DoS,UNSW,CIC,Random-10-Direct,True,52,0.001447,0.626759
DoS,UNSW,ToN,Random-10-Direct,False,52,0.003442,0.647297
DoS,UNSW,BoT,Random-10-Direct,False,52,0.0,0.697723
DoS,UNSW,CIC,Random-10-Direct,True,53,0.008584,0.729094
DoS,UNSW,ToN,Random-10-Direct,False,53,0.008598,0.445322
DoS,UNSW,BoT,Random-10-Direct,False,53,0.0,0.62971
DoS,UNSW,CIC,Random-10-Direct,True,54,0.24622,0.74001
DoS,UNSW,ToN,Random-10-Direct,False,54,0.03368,0.390834
DoS,UNSW,BoT,Random-10-Direct,False,54,0.006116,0.665759
DoS,UNSW,CIC,Random-10-Direct,True,55,0.008584,0.6343
DoS,UNSW,ToN,Random-10-Direct,False,55,0.010093,0.70012
DoS,UNSW,BoT,Random-10-Direct,False,55,0.0,0.573912
DoS,UNSW,CIC,Random-10-Direct,True,56,0.001718,0.542309
DoS,UNSW,ToN,Random-10-Direct,False,56,0.003419,0.4136
DoS,UNSW,BoT,Random-10-Direct,False,56,0.0,0.610162
DoS,UNSW,CIC,Random-10-Direct,True,57,0.042159,0.291257
DoS,UNSW,ToN,Random-10-Direct,False,57,0.0,0.325987
DoS,UNSW,BoT,Random-10-Direct,False,57,0.0,0.365309
DoS,UNSW,CIC,Random-10-Direct,True,58,0.04534,0.480536
DoS,UNSW,ToN,Random-10-Direct,False,58,0.007686,0.637721
DoS,UNSW,BoT,Random-10-Direct,False,58,0.003287,0.558225
DoS,UNSW,CIC,Random-10-Direct,True,59,0.005291,0.235118
DoS,UNSW,ToN,Random-10-Direct,False,59,0.015411,0.789102
DoS,UNSW,BoT,Random-10-Direct,False,59,0.00341,0.507427
DoS,UNSW,CIC,Random-10-Direct,True,60,0.025338,0.509476
DoS,UNSW,ToN,Random-10-Direct,False,60,0.004213,0.516401
DoS,UNSW,BoT,Random-10-Direct,False,60,0.0,0.683597
DoS,UNSW,CIC,Random-10-Direct,True,61,0.056171,0.515053
DoS,UNSW,ToN,Random-10-Direct,False,61,0.0,0.55833
DoS,UNSW,BoT,Random-10-Direct,False,61,0.036484,0.625267
DoS,UNSW,CIC,Random-10-Direct,True,62,0.026966,0.739091
DoS,UNSW,ToN,Random-10-Direct,False,62,0.0,0.48505
DoS,UNSW,BoT,Random-10-Direct,False,62,0.276446,0.854299
DoS,UNSW,CIC,Random-10-Direct,True,63,0.0,0.572531
DoS,UNSW,ToN,Random-10-Direct,False,63,0.001726,0.687631
DoS,UNSW,BoT,Random-10-Direct,False,63,0.021757,0.700633
DoS,UNSW,CIC,Random-10-Direct,True,64,0.216741,0.596923
DoS,UNSW,ToN,Random-10-Direct,False,64,0.005068,0.448806
DoS,UNSW,BoT,Random-10-Direct,False,64,0.0,0.405639
DoS,UNSW,CIC,Random-10-Direct,True,65,0.0,0.632794
DoS,UNSW,ToN,Random-10-Direct,False,65,0.005164,0.625029
DoS,UNSW,BoT,Random-10-Direct,False,65,0.0,0.537042
DoS,UNSW,CIC,Random-10-Direct,True,66,0.023729,0.49104
DoS,UNSW,ToN,Random-10-Direct,False,66,0.001695,0.689219
DoS,UNSW,BoT,Random-10-Direct,False,66,0.003448,0.460223
DoS,UNSW,CIC,Random-10-Direct,True,67,0.005882,0.393874
DoS,UNSW,ToN,Random-10-Direct,False,67,0.001251,0.478633
DoS,UNSW,BoT,Random-10-Direct,False,67,0.0,0.194058
DoS,UNSW,CIC,Random-10-Direct,True,68,0.011859,0.186698
DoS,UNSW,ToN,Random-10-Direct,False,68,0.005128,0.396285
DoS,UNSW,BoT,Random-10-Direct,False,68,0.001693,0.788996
DoS,UNSW,CIC,Random-10-Direct,True,69,0.011945,0.437558
DoS,UNSW,ToN,Random-10-Direct,False,69,0.0,0.197529
DoS,UNSW,BoT,Random-10-Direct,False,69,0.0,0.499643
DoS,UNSW,CIC,Random-10-Direct,True,70,0.0,0.540585
DoS,UNSW,ToN,Random-10-Direct,False,70,0.011189,0.281139
DoS,UNSW,BoT,Random-10-Direct,False,70,0.0,0.689365
DoS,UNSW,CIC,Random-10-Direct,True,71,0.0,0.303381
DoS,UNSW,ToN,Random-10-Direct,False,71,0.471089,0.730106
DoS,UNSW,BoT,Random-10-Direct,False,71,0.0,0.435831
DoS,CIC,UNSW,Random-10-Direct,True,42,0.103238,0.666347
DoS,CIC,ToN,Random-10-Direct,False,42,0.011457,0.626786
DoS,CIC,BoT,Random-10-Direct,False,42,0.0,0.161003
DoS,CIC,UNSW,Random-10-Direct,True,43,0.070191,0.313293
DoS,CIC,ToN,Random-10-Direct,False,43,0.0,0.551723
DoS,CIC,BoT,Random-10-Direct,False,43,0.0,0.352287
DoS,CIC,UNSW,Random-10-Direct,True,44,0.008219,0.029903
DoS,CIC,ToN,Random-10-Direct,False,44,0.0,0.415099
DoS,CIC,BoT,Random-10-Direct,False,44,0.0,0.74349
DoS,CIC,UNSW,Random-10-Direct,True,45,0.20532,0.55188
DoS,CIC,ToN,Random-10-Direct,False,45,0.001287,0.612053
DoS,CIC,BoT,Random-10-Direct,False,45,0.011843,0.743148
DoS,CIC,UNSW,Random-10-Direct,True,46,0.199462,0.557304
DoS,CIC,ToN,Random-10-Direct,False,46,0.007139,0.589477
DoS,CIC,BoT,Random-10-Direct,False,46,0.005073,0.657274
DoS,CIC,UNSW,Random-10-Direct,True,47,0.011569,0.06879
DoS,CIC,ToN,Random-10-Direct,False,47,0.014161,0.457838
DoS,CIC,BoT,Random-10-Direct,False,47,0.006994,0.718904
DoS,CIC,UNSW,Random-10-Direct,True,48,0.014386,0.147696
DoS,CIC,ToN,Random-10-Direct,False,48,0.0,0.579123
DoS,CIC,BoT,Random-10-Direct,False,48,0.0,0.461334
DoS,CIC,UNSW,Random-10-Direct,True,49,0.132635,0.483211
DoS,CIC,ToN,Random-10-Direct,False,49,0.0,0.469703
DoS,CIC,BoT,Random-10-Direct,False,49,0.041615,0.795487
DoS,CIC,UNSW,Random-10-Direct,True,50,0.000221,0.121354
DoS,CIC,ToN,Random-10-Direct,False,50,0.030372,0.637657
DoS,CIC,BoT,Random-10-Direct,False,50,0.018473,0.494229
DoS,CIC,UNSW,Random-10-Direct,True,51,0.000421,0.18519
DoS,CIC,ToN,Random-10-Direct,False,51,0.000452,0.586413
DoS,CIC,BoT,Random-10-Direct,False,51,0.097167,0.766807
DoS,CIC,UNSW,Random-10-Direct,True,52,0.010722,0.55058
DoS,CIC,ToN,Random-10-Direct,False,52,0.0,0.538177
DoS,CIC,BoT,Random-10-Direct,False,52,0.0,0.618742
DoS,CIC,UNSW,Random-10-Direct,True,53,0.000133,0.067858
DoS,CIC,ToN,Random-10-Direct,False,53,0.006667,0.736767
DoS,CIC,BoT,Random-10-Direct,False,53,0.131043,0.815793
DoS,CIC,UNSW,Random-10-Direct,True,54,0.000481,0.048602
DoS,CIC,ToN,Random-10-Direct,False,54,0.0,0.646509
DoS,CIC,BoT,Random-10-Direct,False,54,0.152384,0.827229
DoS,CIC,UNSW,Random-10-Direct,True,55,0.031721,0.128125
DoS,CIC,ToN,Random-10-Direct,False,55,0.025101,0.53441
DoS,CIC,BoT,Random-10-Direct,False,55,0.0,0.339434
DoS,CIC,UNSW,Random-10-Direct,True,56,0.0,0.074039
DoS,CIC,ToN,Random-10-Direct,False,56,0.0,0.545963
DoS,CIC,BoT,Random-10-Direct,False,56,0.000666,0.789174
DoS,CIC,UNSW,Random-10-Direct,True,57,0.203023,0.696987
DoS,CIC,ToN,Random-10-Direct,False,57,0.0,0.403289
DoS,CIC,BoT,Random-10-Direct,False,57,0.0,0.552617
DoS,CIC,UNSW,Random-10-Direct,True,58,0.124726,0.303946
DoS,CIC,ToN,Random-10-Direct,False,58,0.0,0.429424
DoS,CIC,BoT,Random-10-Direct,False,58,0.020641,0.772141
DoS,CIC,UNSW,Random-10-Direct,True,59,0.030313,0.063207
DoS,CIC,ToN,Random-10-Direct,False,59,0.0,0.653132
DoS,CIC,BoT,Random-10-Direct,False,59,0.006458,0.807787
DoS,CIC,UNSW,Random-10-Direct,True,60,0.001145,0.068066
DoS,CIC,ToN,Random-10-Direct,False,60,0.0,0.526978
DoS,CIC,BoT,Random-10-Direct,False,60,0.0,0.522474
DoS,CIC,UNSW,Random-10-Direct,True,61,0.025302,0.090364
DoS,CIC,ToN,Random-10-Direct,False,61,0.0,0.5209
DoS,CIC,BoT,Random-10-Direct,False,61,0.000537,0.492189
DoS,CIC,UNSW,Random-10-Direct,True,62,0.001683,0.207638
DoS,CIC,ToN,Random-10-Direct,False,62,0.0,0.522475
DoS,CIC,BoT,Random-10-Direct,False,62,0.0,0.8971
DoS,CIC,UNSW,Random-10-Direct,True,63,0.030951,0.115954
DoS,CIC,ToN,Random-10-Direct,False,63,0.025966,0.612285
DoS,CIC,BoT,Random-10-Direct,False,63,0.004298,0.714543
DoS,CIC,UNSW,Random-10-Direct,True,64,0.000272,0.204131
DoS,CIC,ToN,Random-10-Direct,False,64,0.008038,0.566485
DoS,CIC,BoT,Random-10-Direct,False,64,0.044548,0.906707
DoS,CIC,UNSW,Random-10-Direct,True,65,0.000491,0.341075
DoS,CIC,ToN,Random-10-Direct,False,65,0.0,0.529646
DoS,CIC,BoT,Random-10-Direct,False,65,0.0,0.668495
DoS,CIC,UNSW,Random-10-Direct,True,66,0.030888,0.360911
DoS,CIC,ToN,Random-10-Direct,False,66,0.0,0.533672
DoS,CIC,BoT,Random-10-Direct,False,66,0.041353,0.668237
DoS,CIC,UNSW,Random-10-Direct,True,67,0.055949,0.135611
DoS,CIC,ToN,Random-10-Direct,False,67,0.01276,0.518941
DoS,CIC,BoT,Random-10-Direct,False,67,0.024239,0.650994
DoS,CIC,UNSW,Random-10-Direct,True,68,0.188036,0.420311
DoS,CIC,ToN,Random-10-Direct,False,68,0.000223,0.662736
DoS,CIC,BoT,Random-10-Direct,False,68,0.03117,0.69315
DoS,CIC,UNSW,Random-10-Direct,True,69,0.028146,0.101458
DoS,CIC,ToN,Random-10-Direct,False,69,0.000646,0.602049
DoS,CIC,BoT,Random-10-Direct,False,69,0.002331,0.845624
DoS,CIC,UNSW,Random-10-Direct,True,70,0.017474,0.056638
DoS,CIC,ToN,Random-10-Direct,False,70,0.018002,0.577116
DoS,CIC,BoT,Random-10-Direct,False,70,0.004655,0.848507
DoS,CIC,UNSW,Random-10-Direct,True,71,0.151844,0.581823
DoS,CIC,ToN,Random-10-Direct,False,71,0.0,0.596481
DoS,CIC,BoT,Random-10-Direct,False,71,0.0,0.472553
DoS,ToN,UNSW,Random-10-Direct,False,42,0.479694,0.865901
DoS,ToN,CIC,Random-10-Direct,False,42,0.000193,0.246149
DoS,ToN,BoT,Random-10-Direct,True,42,0.00129,0.596571
DoS,ToN,UNSW,Random-10-Direct,False,43,0.058878,0.353037
DoS,ToN,CIC,Random-10-Direct,False,43,0.0,0.316748
DoS,ToN,BoT,Random-10-Direct,True,43,0.0,0.625151
DoS,ToN,UNSW,Random-10-Direct,False,44,0.439567,0.836343
DoS,ToN,CIC,Random-10-Direct,False,44,0.000734,0.391294
DoS,ToN,BoT,Random-10-Direct,True,44,0.0,0.191315
DoS,ToN,UNSW,Random-10-Direct,False,45,0.568579,0.914143
DoS,ToN,CIC,Random-10-Direct,False,45,0.000685,0.577914
DoS,ToN,BoT,Random-10-Direct,True,45,0.0,0.483182
DoS,ToN,UNSW,Random-10-Direct,False,46,0.109514,0.475633
DoS,ToN,CIC,Random-10-Direct,False,46,0.0,0.560411
DoS,ToN,BoT,Random-10-Direct,True,46,0.0,0.821389
DoS,ToN,UNSW,Random-10-Direct,False,47,0.30185,0.746529
DoS,ToN,CIC,Random-10-Direct,False,47,0.0,0.531112
DoS,ToN,BoT,Random-10-Direct,True,47,0.0,0.287759
DoS,ToN,UNSW,Random-10-Direct,False,48,0.0144,0.26246
DoS,ToN,CIC,Random-10-Direct,False,48,0.0,0.524027
DoS,ToN,BoT,Random-10-Direct,True,48,0.0,0.307139
DoS,ToN,UNSW,Random-10-Direct,False,49,0.043423,0.491018
DoS,ToN,CIC,Random-10-Direct,False,49,0.000731,0.588071
DoS,ToN,BoT,Random-10-Direct,True,49,0.0,0.255096
DoS,ToN,UNSW,Random-10-Direct,False,50,0.077916,0.612348
DoS,ToN,CIC,Random-10-Direct,False,50,0.000191,0.303189
DoS,ToN,BoT,Random-10-Direct,True,50,0.0,0.11603
DoS,ToN,UNSW,Random-10-Direct,False,51,0.394268,0.804305
DoS,ToN,CIC,Random-10-Direct,False,51,0.0,0.127034
DoS,ToN,BoT,Random-10-Direct,True,51,0.0,0.350765
DoS,ToN,UNSW,Random-10-Direct,False,52,0.215083,0.501596
DoS,ToN,CIC,Random-10-Direct,False,52,0.0,0.406228
DoS,ToN,BoT,Random-10-Direct,True,52,0.0,0.827254
DoS,ToN,UNSW,Random-10-Direct,False,53,0.03234,0.342441
DoS,ToN,CIC,Random-10-Direct,False,53,0.0,0.460663
DoS,ToN,BoT,Random-10-Direct,True,53,0.0,0.609509
DoS,ToN,UNSW,Random-10-Direct,False,54,0.007668,0.710223
DoS,ToN,CIC,Random-10-Direct,False,54,0.000236,0.340003
DoS,ToN,BoT,Random-10-Direct,True,54,0.0,0.618779
DoS,ToN,UNSW,Random-10-Direct,False,55,0.213978,0.344193
DoS,ToN,CIC,Random-10-Direct,False,55,0.0,0.348309
DoS,ToN,BoT,Random-10-Direct,True,55,0.0,0.332468
DoS,ToN,UNSW,Random-10-Direct,False,56,0.049932,0.387568
DoS,ToN,CIC,Random-10-Direct,False,56,0.0,0.434063
DoS,ToN,BoT,Random-10-Direct,True,56,0.0,0.647032
DoS,ToN,UNSW,Random-10-Direct,False,57,0.536841,0.902405
DoS,ToN,CIC,Random-10-Direct,False,57,0.000258,0.375433
DoS,ToN,BoT,Random-10-Direct,True,57,0.0,0.594948
DoS,ToN,UNSW,Random-10-Direct,False,58,0.084772,0.645959
DoS,ToN,CIC,Random-10-Direct,False,58,0.0,0.400932
DoS,ToN,BoT,Random-10-Direct,True,58,0.0,0.567783
DoS,ToN,UNSW,Random-10-Direct,False,59,0.327899,0.656298
DoS,ToN,CIC,Random-10-Direct,False,59,0.0,0.219929
DoS,ToN,BoT,Random-10-Direct,True,59,0.0,0.662052
DoS,ToN,UNSW,Random-10-Direct,False,60,0.112658,0.61558
DoS,ToN,CIC,Random-10-Direct,False,60,0.0,0.183471
DoS,ToN,BoT,Random-10-Direct,True,60,0.0,0.340265
DoS,ToN,UNSW,Random-10-Direct,False,61,0.32815,0.683138
DoS,ToN,CIC,Random-10-Direct,False,61,0.0,0.16859
DoS,ToN,BoT,Random-10-Direct,True,61,0.0,0.38216
DoS,ToN,UNSW,Random-10-Direct,False,62,0.009443,0.805278
DoS,ToN,CIC,Random-10-Direct,False,62,0.0,0.217943
DoS,ToN,BoT,Random-10-Direct,True,62,0.0,0.137779
DoS,ToN,UNSW,Random-10-Direct,False,63,0.411176,0.910946
DoS,ToN,CIC,Random-10-Direct,False,63,0.0,0.050779
DoS,ToN,BoT,Random-10-Direct,True,63,0.0,0.677527
DoS,ToN,UNSW,Random-10-Direct,False,64,0.211732,0.682767
DoS,ToN,CIC,Random-10-Direct,False,64,0.0,0.198407
DoS,ToN,BoT,Random-10-Direct,True,64,0.000312,0.284418
DoS,ToN,UNSW,Random-10-Direct,False,65,0.096142,0.420671
DoS,ToN,CIC,Random-10-Direct,False,65,0.000151,0.127821
DoS,ToN,BoT,Random-10-Direct,True,65,0.0,0.37399
DoS,ToN,UNSW,Random-10-Direct,False,66,0.410846,0.882723
DoS,ToN,CIC,Random-10-Direct,False,66,0.0,0.250598
DoS,ToN,BoT,Random-10-Direct,True,66,0.0,0.786811
DoS,ToN,UNSW,Random-10-Direct,False,67,0.576628,0.910906
DoS,ToN,CIC,Random-10-Direct,False,67,0.0,0.479292
DoS,ToN,BoT,Random-10-Direct,True,67,0.0,0.089651
DoS,ToN,UNSW,Random-10-Direct,False,68,0.104688,0.506119
DoS,ToN,CIC,Random-10-Direct,False,68,0.000174,0.355666
DoS,ToN,BoT,Random-10-Direct,True,68,0.0,0.249397
DoS,ToN,UNSW,Random-10-Direct,False,69,0.357464,0.753692
DoS,ToN,CIC,Random-10-Direct,False,69,0.0,0.147097
DoS,ToN,BoT,Random-10-Direct,True,69,0.0,0.316723
DoS,ToN,UNSW,Random-10-Direct,False,70,0.115764,0.321125
DoS,ToN,CIC,Random-10-Direct,False,70,0.000249,0.553519
DoS,ToN,BoT,Random-10-Direct,True,70,0.000287,0.211702
DoS,ToN,UNSW,Random-10-Direct,False,71,0.372829,0.877655
DoS,ToN,CIC,Random-10-Direct,False,71,0.0,0.146426
DoS,ToN,BoT,Random-10-Direct,True,71,0.0,0.646273
DoS,BoT,UNSW,Random-10-Direct,False,42,0.043227,0.184607
DoS,BoT,CIC,Random-10-Direct,False,42,0.001792,0.904034
DoS,BoT,ToN,Random-10-Direct,True,42,0.0,0.322762
DoS,BoT,UNSW,Random-10-Direct,False,43,0.00151,0.180062
DoS,BoT,CIC,Random-10-Direct,False,43,0.0,0.352875
DoS,BoT,ToN,Random-10-Direct,True,43,0.0,0.402861
DoS,BoT,UNSW,Random-10-Direct,False,44,0.129462,0.265728
DoS,BoT,CIC,Random-10-Direct,False,44,0.000272,0.293434
DoS,BoT,ToN,Random-10-Direct,True,44,0.0,0.547085
DoS,BoT,UNSW,Random-10-Direct,False,45,0.191169,0.306883
DoS,BoT,CIC,Random-10-Direct,False,45,0.0,0.894109
DoS,BoT,ToN,Random-10-Direct,True,45,0.011512,0.146215
DoS,BoT,UNSW,Random-10-Direct,False,46,0.022913,0.202031
DoS,BoT,CIC,Random-10-Direct,False,46,0.275432,0.906956
DoS,BoT,ToN,Random-10-Direct,True,46,0.0,0.223836
DoS,BoT,UNSW,Random-10-Direct,False,47,0.179055,0.208294
DoS,BoT,CIC,Random-10-Direct,False,47,0.0,0.932761
DoS,BoT,ToN,Random-10-Direct,True,47,0.0,0.165618
DoS,BoT,UNSW,Random-10-Direct,False,48,0.021099,0.07701
DoS,BoT,CIC,Random-10-Direct,False,48,0.0,0.495918
DoS,BoT,ToN,Random-10-Direct,True,48,0.0,0.151237
DoS,BoT,UNSW,Random-10-Direct,False,49,0.147515,0.278922
DoS,BoT,CIC,Random-10-Direct,False,49,0.0,0.918952
DoS,BoT,ToN,Random-10-Direct,True,49,0.0,0.363825
DoS,BoT,UNSW,Random-10-Direct,False,50,0.016345,0.067888
DoS,BoT,CIC,Random-10-Direct,False,50,0.0,0.190081
DoS,BoT,ToN,Random-10-Direct,True,50,0.0,0.052745
DoS,BoT,UNSW,Random-10-Direct,False,51,0.175096,0.667827
DoS,BoT,CIC,Random-10-Direct,False,51,0.0,0.939189
DoS,BoT,ToN,Random-10-Direct,True,51,0.0,0.203612
DoS,BoT,UNSW,Random-10-Direct,False,52,0.023372,0.110343
DoS,BoT,CIC,Random-10-Direct,False,52,0.000646,0.987565
DoS,BoT,ToN,Random-10-Direct,True,52,0.0,0.307588
DoS,BoT,UNSW,Random-10-Direct,False,53,0.191486,0.783719
DoS,BoT,CIC,Random-10-Direct,False,53,0.0,0.851568
DoS,BoT,ToN,Random-10-Direct,True,53,0.0,0.59539
DoS,BoT,UNSW,Random-10-Direct,False,54,0.144099,0.651117
DoS,BoT,CIC,Random-10-Direct,False,54,0.001218,0.874166
DoS,BoT,ToN,Random-10-Direct,True,54,0.0,0.940041
DoS,BoT,UNSW,Random-10-Direct,False,55,0.168228,0.430806
DoS,BoT,CIC,Random-10-Direct,False,55,0.809909,0.979707
DoS,BoT,ToN,Random-10-Direct,True,55,0.0,0.232746
DoS,BoT,UNSW,Random-10-Direct,False,56,0.5767,0.868581
DoS,BoT,CIC,Random-10-Direct,False,56,0.0,0.567117
DoS,BoT,ToN,Random-10-Direct,True,56,0.0,0.700115
DoS,BoT,UNSW,Random-10-Direct,False,57,0.108827,0.238191
DoS,BoT,CIC,Random-10-Direct,False,57,0.088316,0.950811
DoS,BoT,ToN,Random-10-Direct,True,57,0.0,0.103098
DoS,BoT,UNSW,Random-10-Direct,False,58,0.167702,0.202048
DoS,BoT,CIC,Random-10-Direct,False,58,0.0,0.134795
DoS,BoT,ToN,Random-10-Direct,True,58,0.0,0.898274
DoS,BoT,UNSW,Random-10-Direct,False,59,0.004846,0.182088
DoS,BoT,CIC,Random-10-Direct,False,59,0.159393,0.958263
DoS,BoT,ToN,Random-10-Direct,True,59,0.0,0.268423
DoS,BoT,UNSW,Random-10-Direct,False,60,0.0,0.082476
DoS,BoT,CIC,Random-10-Direct,False,60,0.0,0.644623
DoS,BoT,ToN,Random-10-Direct,True,60,0.0,0.188934
DoS,BoT,UNSW,Random-10-Direct,False,61,0.059803,0.358618
DoS,BoT,CIC,Random-10-Direct,False,61,0.651238,0.953396
DoS,BoT,ToN,Random-10-Direct,True,61,0.0,0.078778
DoS,BoT,UNSW,Random-10-Direct,False,62,0.165885,0.300431
DoS,BoT,CIC,Random-10-Direct,False,62,0.062619,0.875279
DoS,BoT,ToN,Random-10-Direct,True,62,0.0,0.230035
DoS,BoT,UNSW,Random-10-Direct,False,63,0.015367,0.100877
DoS,BoT,CIC,Random-10-Direct,False,63,0.361144,0.932585
DoS,BoT,ToN,Random-10-Direct,True,63,0.0,0.100558
DoS,BoT,UNSW,Random-10-Direct,False,64,0.00136,0.111363
DoS,BoT,CIC,Random-10-Direct,False,64,0.001541,0.153217
DoS,BoT,ToN,Random-10-Direct,True,64,0.0,0.238405
DoS,BoT,UNSW,Random-10-Direct,False,65,0.002593,0.08697
DoS,BoT,CIC,Random-10-Direct,False,65,0.0,0.931312
DoS,BoT,ToN,Random-10-Direct,True,65,0.0,0.964145
DoS,BoT,UNSW,Random-10-Direct,False,66,0.164645,0.74514
DoS,BoT,CIC,Random-10-Direct,False,66,0.0,0.636137
DoS,BoT,ToN,Random-10-Direct,True,66,0.0,0.184616
DoS,BoT,UNSW,Random-10-Direct,False,67,0.054921,0.280682
DoS,BoT,CIC,Random-10-Direct,False,67,0.0,0.85602
DoS,BoT,ToN,Random-10-Direct,True,67,0.0,0.180002
DoS,BoT,UNSW,Random-10-Direct,False,68,0.001006,0.156563
DoS,BoT,CIC,Random-10-Direct,False,68,0.0,0.724795
DoS,BoT,ToN,Random-10-Direct,True,68,0.0,0.019992
DoS,BoT,UNSW,Random-10-Direct,False,69,0.001467,0.136307
DoS,BoT,CIC,Random-10-Direct,False,69,0.0,0.665889
DoS,BoT,ToN,Random-10-Direct,True,69,0.0,0.269229
DoS,BoT,UNSW,Random-10-Direct,False,70,0.001387,0.04217
DoS,BoT,CIC,Random-10-Direct,False,70,0.0,0.370741
DoS,BoT,ToN,Random-10-Direct,True,70,0.0,0.027109
DoS,BoT,UNSW,Random-10-Direct,False,71,0.197222,0.836634
DoS,BoT,CIC,Random-10-Direct,False,71,0.0,0.645717
DoS,BoT,ToN,Random-10-Direct,True,71,0.0,0.22461
Reconnaissance,UNSW,ToN,Random-10-Direct,False,42,0.0,0.627289
Reconnaissance,UNSW,BoT,Random-10-Direct,False,42,0.155148,0.489332
Reconnaissance,UNSW,ToN,Random-10-Direct,False,43,0.02,0.585381
Reconnaissance,UNSW,BoT,Random-10-Direct,False,43,0.132135,0.568806
Reconnaissance,UNSW,ToN,Random-10-Direct,False,44,0.0,0.880745
Reconnaissance,UNSW,BoT,Random-10-Direct,False,44,0.101515,0.536156
Reconnaissance,UNSW,ToN,Random-10-Direct,False,45,0.005456,0.911299
Reconnaissance,UNSW,BoT,Random-10-Direct,False,45,0.150528,0.502289
Reconnaissance,UNSW,ToN,Random-10-Direct,False,46,0.0,0.782022
Reconnaissance,UNSW,BoT,Random-10-Direct,False,46,0.16027,0.458886
Reconnaissance,UNSW,ToN,Random-10-Direct,False,47,0.0,0.808338
Reconnaissance,UNSW,BoT,Random-10-Direct,False,47,0.189868,0.651748
Reconnaissance,UNSW,ToN,Random-10-Direct,False,48,0.00078,0.949639
Reconnaissance,UNSW,BoT,Random-10-Direct,False,48,0.012964,0.292009
Reconnaissance,UNSW,ToN,Random-10-Direct,False,49,0.0,0.811972
Reconnaissance,UNSW,BoT,Random-10-Direct,False,49,0.204424,0.582403
Reconnaissance,UNSW,ToN,Random-10-Direct,False,50,0.0,0.729585
Reconnaissance,UNSW,BoT,Random-10-Direct,False,50,0.116614,0.314673
Reconnaissance,UNSW,ToN,Random-10-Direct,False,51,0.0,0.676656
Reconnaissance,UNSW,BoT,Random-10-Direct,False,51,0.070564,0.449423
Reconnaissance,UNSW,ToN,Random-10-Direct,False,52,0.000781,0.850583
Reconnaissance,UNSW,BoT,Random-10-Direct,False,52,0.145369,0.592133
Reconnaissance,UNSW,ToN,Random-10-Direct,False,53,0.00154,0.826846
Reconnaissance,UNSW,BoT,Random-10-Direct,False,53,0.091738,0.329377
Reconnaissance,UNSW,ToN,Random-10-Direct,False,54,0.0,0.726175
Reconnaissance,UNSW,BoT,Random-10-Direct,False,54,0.105052,0.484859
Reconnaissance,UNSW,ToN,Random-10-Direct,False,55,0.0,0.694372
Reconnaissance,UNSW,BoT,Random-10-Direct,False,55,0.125343,0.428698
Reconnaissance,UNSW,ToN,Random-10-Direct,False,56,0.000772,0.874667
Reconnaissance,UNSW,BoT,Random-10-Direct,False,56,0.175541,0.548726
Reconnaissance,UNSW,ToN,Random-10-Direct,False,57,0.000777,0.866327
Reconnaissance,UNSW,BoT,Random-10-Direct,False,57,0.149321,0.50378
Reconnaissance,UNSW,ToN,Random-10-Direct,False,58,0.447265,0.961163
Reconnaissance,UNSW,BoT,Random-10-Direct,False,58,0.145111,0.465208
Reconnaissance,UNSW,ToN,Random-10-Direct,False,59,0.000779,0.9511
Reconnaissance,UNSW,BoT,Random-10-Direct,False,59,0.175748,0.598172
Reconnaissance,UNSW,ToN,Random-10-Direct,False,60,0.0,0.964949
Reconnaissance,UNSW,BoT,Random-10-Direct,False,60,0.122359,0.345114
Reconnaissance,UNSW,ToN,Random-10-Direct,False,61,0.00078,0.774565
Reconnaissance,UNSW,BoT,Random-10-Direct,False,61,0.210365,0.626235
Reconnaissance,UNSW,ToN,Random-10-Direct,False,62,0.0,0.712519
Reconnaissance,UNSW,BoT,Random-10-Direct,False,62,0.221727,0.569688
Reconnaissance,UNSW,ToN,Random-10-Direct,False,63,0.0,0.910352
Reconnaissance,UNSW,BoT,Random-10-Direct,False,63,0.017755,0.322239
Reconnaissance,UNSW,ToN,Random-10-Direct,False,64,0.00078,0.849941
Reconnaissance,UNSW,BoT,Random-10-Direct,False,64,0.012856,0.349867
Reconnaissance,UNSW,ToN,Random-10-Direct,False,65,0.0,0.558853
Reconnaissance,UNSW,BoT,Random-10-Direct,False,65,0.000798,0.313055
Reconnaissance,UNSW,ToN,Random-10-Direct,False,66,0.0,0.732877
Reconnaissance,UNSW,BoT,Random-10-Direct,False,66,0.112287,0.176252
Reconnaissance,UNSW,ToN,Random-10-Direct,False,67,0.004474,0.962028
Reconnaissance,UNSW,BoT,Random-10-Direct,False,67,0.12476,0.368732
Reconnaissance,UNSW,ToN,Random-10-Direct,False,68,0.0,0.856425
Reconnaissance,UNSW,BoT,Random-10-Direct,False,68,0.204022,0.589562
Reconnaissance,UNSW,ToN,Random-10-Direct,False,69,0.002341,0.513531
Reconnaissance,UNSW,BoT,Random-10-Direct,False,69,0.429963,0.725782
Reconnaissance,UNSW,ToN,Random-10-Direct,False,70,0.417487,0.819819
Reconnaissance,UNSW,BoT,Random-10-Direct,False,70,0.270411,0.594417
Reconnaissance,UNSW,ToN,Random-10-Direct,False,71,0.0,0.782087
Reconnaissance,UNSW,BoT,Random-10-Direct,False,71,0.133728,0.387293
Reconnaissance,ToN,UNSW,Random-10-Direct,False,42,0.258026,0.667967
Reconnaissance,ToN,BoT,Random-10-Direct,True,42,0.183988,0.496157
Reconnaissance,ToN,UNSW,Random-10-Direct,False,43,0.279262,0.736295
Reconnaissance,ToN,BoT,Random-10-Direct,True,43,0.104709,0.298726
Reconnaissance,ToN,UNSW,Random-10-Direct,False,44,0.129096,0.653192
Reconnaissance,ToN,BoT,Random-10-Direct,True,44,0.198721,0.655225
Reconnaissance,ToN,UNSW,Random-10-Direct,False,45,0.455889,0.881724
Reconnaissance,ToN,BoT,Random-10-Direct,True,45,0.209614,0.627584
Reconnaissance,ToN,UNSW,Random-10-Direct,False,46,0.001657,0.728992
Reconnaissance,ToN,BoT,Random-10-Direct,True,46,0.21272,0.455507
Reconnaissance,ToN,UNSW,Random-10-Direct,False,47,0.001155,0.633986
Reconnaissance,ToN,BoT,Random-10-Direct,True,47,0.203616,0.686482
Reconnaissance,ToN,UNSW,Random-10-Direct,False,48,0.253199,0.721419
Reconnaissance,ToN,BoT,Random-10-Direct,True,48,0.153874,0.484393
Reconnaissance,ToN,UNSW,Random-10-Direct,False,49,0.247179,0.658788
Reconnaissance,ToN,BoT,Random-10-Direct,True,49,0.137823,0.479934
Reconnaissance,ToN,UNSW,Random-10-Direct,False,50,0.005982,0.748346
Reconnaissance,ToN,BoT,Random-10-Direct,True,50,0.21115,0.534014
Reconnaissance,ToN,UNSW,Random-10-Direct,False,51,0.001148,0.622554
Reconnaissance,ToN,BoT,Random-10-Direct,True,51,0.100399,0.500851
Reconnaissance,ToN,UNSW,Random-10-Direct,False,52,0.280701,0.736207
Reconnaissance,ToN,BoT,Random-10-Direct,True,52,0.116195,0.47346
Reconnaissance,ToN,UNSW,Random-10-Direct,False,53,0.288798,0.759203
Reconnaissance,ToN,BoT,Random-10-Direct,True,53,0.200248,0.43855
Reconnaissance,ToN,UNSW,Random-10-Direct,False,54,0.00064,0.668461
Reconnaissance,ToN,BoT,Random-10-Direct,True,54,0.11456,0.421208
Reconnaissance,ToN,UNSW,Random-10-Direct,False,55,0.0,0.668992
Reconnaissance,ToN,BoT,Random-10-Direct,True,55,0.202866,0.650249
Reconnaissance,ToN,UNSW,Random-10-Direct,False,56,0.235623,0.688637
Reconnaissance,ToN,BoT,Random-10-Direct,True,56,0.205731,0.56877
Reconnaissance,ToN,UNSW,Random-10-Direct,False,57,0.008378,0.565649
Reconnaissance,ToN,BoT,Random-10-Direct,True,57,0.191904,0.598753
Reconnaissance,ToN,UNSW,Random-10-Direct,False,58,0.004971,0.621138
Reconnaissance,ToN,BoT,Random-10-Direct,True,58,0.19228,0.597233
Reconnaissance,ToN,UNSW,Random-10-Direct,False,59,0.102002,0.581914
Reconnaissance,ToN,BoT,Random-10-Direct,True,59,0.17095,0.541778
Reconnaissance,ToN,UNSW,Random-10-Direct,False,60,0.110863,0.470961
Reconnaissance,ToN,BoT,Random-10-Direct,True,60,0.068502,0.379165
Reconnaissance,ToN,UNSW,Random-10-Direct,False,61,0.144135,0.610265
Reconnaissance,ToN,BoT,Random-10-Direct,True,61,0.192421,0.667264
Reconnaissance,ToN,UNSW,Random-10-Direct,False,62,0.0,0.471305
Reconnaissance,ToN,BoT,Random-10-Direct,True,62,0.188118,0.458332
Reconnaissance,ToN,UNSW,Random-10-Direct,False,63,0.0,0.473016
Reconnaissance,ToN,BoT,Random-10-Direct,True,63,0.192703,0.53906
Reconnaissance,ToN,UNSW,Random-10-Direct,False,64,0.002856,0.581865
Reconnaissance,ToN,BoT,Random-10-Direct,True,64,0.203687,0.64601
Reconnaissance,ToN,UNSW,Random-10-Direct,False,65,0.039417,0.555674
Reconnaissance,ToN,BoT,Random-10-Direct,True,65,0.075732,0.317046
Reconnaissance,ToN,UNSW,Random-10-Direct,False,66,0.27688,0.741875
Reconnaissance,ToN,BoT,Random-10-Direct,True,66,0.210038,0.489851
Reconnaissance,ToN,UNSW,Random-10-Direct,False,67,0.009912,0.479229
Reconnaissance,ToN,BoT,Random-10-Direct,True,67,0.0788,0.353012
Reconnaissance,ToN,UNSW,Random-10-Direct,False,68,0.418221,0.884593
Reconnaissance,ToN,BoT,Random-10-Direct,True,68,0.183474,0.568167
Reconnaissance,ToN,UNSW,Random-10-Direct,False,69,0.12796,0.576542
Reconnaissance,ToN,BoT,Random-10-Direct,True,69,0.201469,0.636474
Reconnaissance,ToN,UNSW,Random-10-Direct,False,70,0.0,0.714091
Reconnaissance,ToN,BoT,Random-10-Direct,True,70,0.206201,0.580192
Reconnaissance,ToN,UNSW,Random-10-Direct,False,71,0.108907,0.502191
Reconnaissance,ToN,BoT,Random-10-Direct,True,71,0.136798,0.352383
Reconnaissance,BoT,UNSW,Random-10-Direct,False,42,0.042148,0.777668
Reconnaissance,BoT,ToN,Random-10-Direct,True,42,0.018886,0.925767
Reconnaissance,BoT,UNSW,Random-10-Direct,False,43,0.00047,0.135806
Reconnaissance,BoT,ToN,Random-10-Direct,True,43,0.545467,0.878125
Reconnaissance,BoT,UNSW,Random-10-Direct,False,44,0.147791,0.414966
Reconnaissance,BoT,ToN,Random-10-Direct,True,44,0.376103,0.789291
Reconnaissance,BoT,UNSW,Random-10-Direct,False,45,0.027212,0.150207
Reconnaissance,BoT,ToN,Random-10-Direct,True,45,0.394204,0.871328
Reconnaissance,BoT,UNSW,Random-10-Direct,False,46,0.0,0.484156
Reconnaissance,BoT,ToN,Random-10-Direct,True,46,0.057316,0.930791
Reconnaissance,BoT,UNSW,Random-10-Direct,False,47,0.0,0.426279
Reconnaissance,BoT,ToN,Random-10-Direct,True,47,0.181236,0.689312
Reconnaissance,BoT,UNSW,Random-10-Direct,False,48,0.002246,0.226578
Reconnaissance,BoT,ToN,Random-10-Direct,True,48,0.035389,0.491531
Reconnaissance,BoT,UNSW,Random-10-Direct,False,49,0.002962,0.470679
Reconnaissance,BoT,ToN,Random-10-Direct,True,49,0.113674,0.902725
Reconnaissance,BoT,UNSW,Random-10-Direct,False,50,0.000788,0.42211
Reconnaissance,BoT,ToN,Random-10-Direct,True,50,0.667581,0.9265
Reconnaissance,BoT,UNSW,Random-10-Direct,False,51,0.599832,0.85725
Reconnaissance,BoT,ToN,Random-10-Direct,True,51,0.025772,0.941324
Reconnaissance,BoT,UNSW,Random-10-Direct,False,52,0.129366,0.546931
Reconnaissance,BoT,ToN,Random-10-Direct,True,52,0.284256,0.885088
Reconnaissance,BoT,UNSW,Random-10-Direct,False,53,0.028315,0.220725
Reconnaissance,BoT,ToN,Random-10-Direct,True,53,0.13655,0.792041
Reconnaissance,BoT,UNSW,Random-10-Direct,False,54,0.081509,0.532333
Reconnaissance,BoT,ToN,Random-10-Direct,True,54,0.081836,0.90648
Reconnaissance,BoT,UNSW,Random-10-Direct,False,55,0.010661,0.102671
Reconnaissance,BoT,ToN,Random-10-Direct,True,55,0.24112,0.902567
Reconnaissance,BoT,UNSW,Random-10-Direct,False,56,0.0,0.373698
Reconnaissance,BoT,ToN,Random-10-Direct,True,56,0.116021,0.832866
Reconnaissance,BoT,UNSW,Random-10-Direct,False,57,0.000333,0.218294
Reconnaissance,BoT,ToN,Random-10-Direct,True,57,0.501235,0.898009
Reconnaissance,BoT,UNSW,Random-10-Direct,False,58,0.179971,0.433276
Reconnaissance,BoT,ToN,Random-10-Direct,True,58,0.191702,0.896811
Reconnaissance,BoT,UNSW,Random-10-Direct,False,59,0.360175,0.401127
Reconnaissance,BoT,ToN,Random-10-Direct,True,59,0.013239,0.838671
Reconnaissance,BoT,UNSW,Random-10-Direct,False,60,0.005964,0.846291
Reconnaissance,BoT,ToN,Random-10-Direct,True,60,0.579991,0.851547
Reconnaissance,BoT,UNSW,Random-10-Direct,False,61,0.410387,0.612927
Reconnaissance,BoT,ToN,Random-10-Direct,True,61,0.308855,0.91688
Reconnaissance,BoT,UNSW,Random-10-Direct,False,62,0.033419,0.699197
Reconnaissance,BoT,ToN,Random-10-Direct,True,62,0.014454,0.84278
Reconnaissance,BoT,UNSW,Random-10-Direct,False,63,0.007483,0.407776
Reconnaissance,BoT,ToN,Random-10-Direct,True,63,0.465902,0.842446
Reconnaissance,BoT,UNSW,Random-10-Direct,False,64,0.0,0.74739
Reconnaissance,BoT,ToN,Random-10-Direct,True,64,0.133195,0.871061
Reconnaissance,BoT,UNSW,Random-10-Direct,False,65,0.016624,0.909122
Reconnaissance,BoT,ToN,Random-10-Direct,True,65,0.114573,0.89209
Reconnaissance,BoT,UNSW,Random-10-Direct,False,66,0.003295,0.174091
Reconnaissance,BoT,ToN,Random-10-Direct,True,66,0.02881,0.469965
Reconnaissance,BoT,UNSW,Random-10-Direct,False,67,0.0,0.56473
Reconnaissance,BoT,ToN,Random-10-Direct,True,67,0.012417,0.800731
Reconnaissance,BoT,UNSW,Random-10-Direct,False,68,0.176267,0.664311
Reconnaissance,BoT,ToN,Random-10-Direct,True,68,0.312992,0.784626
Reconnaissance,BoT,UNSW,Random-10-Direct,False,69,0.005907,0.496705
Reconnaissance,BoT,ToN,Random-10-Direct,True,69,0.047865,0.486742
Reconnaissance,BoT,UNSW,Random-10-Direct,False,70,0.000883,0.724211
Reconnaissance,BoT,ToN,Random-10-Direct,True,70,0.021189,0.852598
Reconnaissance,BoT,UNSW,Random-10-Direct,False,71,0.021469,0.396027
Reconnaissance,BoT,ToN,Random-10-Direct,True,71,0.605766,0.739038
