semantic_class,target,seed,f1,auc_roc,top10_features,dominant_feature
DoS,UNSW,42,0.916832,0.995104,MIN_TTL;MAX_TTL;L4_SRC_PORT;L4_DST_PORT;LONGEST_FLOW_PKT;SRC_TO_DST_SECOND_BYTES;DST_TO_SRC_SECOND_BYTES;L7_PROTO;OUT_BYTES;IN_BYTES,MIN_TTL
DoS,UNSW,43,0.904293,0.993581,MIN_TTL;SRC_TO_DST_SECOND_BYTES;L4_DST_PORT;L4_SRC_PORT;MAX_TTL;LONGEST_FLOW_PKT;IN_BYTES;DST_TO_SRC_AVG_THROUGHPUT;OUT_BYTES;ICMP_IPV4_TYPE,MIN_TTL
DoS,UNSW,44,0.914127,0.995263,MIN_TTL;MAX_TTL;L4_SRC_PORT;L4_DST_PORT;LONGEST_FLOW_PKT;OUT_BYTES;L7_PROTO;SRC_TO_DST_SECOND_BYTES;RETRANSMITTED_IN_BYTES;PROTOCOL,MIN_TTL
DoS,UNSW,45,0.916667,0.994422,MIN_TTL;L4_DST_PORT;L4_SRC_PORT;LONGEST_FLOW_PKT;SRC_TO_DST_SECOND_BYTES;IN_PKTS;MAX_TTL;DST_TO_SRC_AVG_THROUGHPUT;DST_TO_SRC_SECOND_BYTES;RETRANSMITTED_IN_PKTS,MIN_TTL
DoS,UNSW,46,0.909379,0.995019,MIN_TTL;MAX_TTL;L4_DST_PORT;LONGEST_FLOW_PKT;L4_SRC_PORT;SRC_TO_DST_SECOND_BYTES;ICMP_IPV4_TYPE;L7_PROTO;IN_BYTES;IN_PKTS,MIN_TTL
DoS,UNSW,47,0.914513,0.995156,MIN_TTL;MAX_TTL;L4_DST_PORT;L4_SRC_PORT;SRC_TO_DST_SECOND_BYTES;LONGEST_FLOW_PKT;MIN_IP_PKT_LEN;TCP_FLAGS;OUT_BYTES;RETRANSMITTED_OUT_BYTES,MIN_TTL
DoS,UNSW,48,0.910024,0.994592,MIN_TTL;MAX_TTL;L4_SRC_PORT;SRC_TO_DST_SECOND_BYTES;LONGEST_FLOW_PKT;L4_DST_PORT;OUT_BYTES;IN_BYTES;L7_PROTO;IN_PKTS,MIN_TTL
DoS,UNSW,49,0.911765,0.994931,MIN_TTL;MAX_TTL;L4_DST_PORT;L4_SRC_PORT;LONGEST_FLOW_PKT;SRC_TO_DST_SECOND_BYTES;L7_PROTO;IN_BYTES;OUT_BYTES;IN_PKTS,MIN_TTL
DoS,UNSW,50,0.90765,0.994508,MIN_TTL;MAX_TTL;L4_DST_PORT;SRC_TO_DST_SECOND_BYTES;L4_SRC_PORT;DST_TO_SRC_SECOND_BYTES;LONGEST_FLOW_PKT;CLIENT_TCP_FLAGS;IN_BYTES;IN_PKTS,MIN_TTL
DoS,UNSW,51,0.91053,0.994469,MIN_TTL;L4_DST_PORT;MAX_TTL;LONGEST_FLOW_PKT;L4_SRC_PORT;IN_PKTS;RETRANSMITTED_OUT_PKTS;RETRANSMITTED_IN_BYTES;DST_TO_SRC_AVG_THROUGHPUT;SRC_TO_DST_SECOND_BYTES,MIN_TTL
DoS,UNSW,52,0.907013,0.994318,MIN_TTL;MAX_TTL;L4_DST_PORT;LONGEST_FLOW_PKT;SRC_TO_DST_SECOND_BYTES;L4_SRC_PORT;ICMP_IPV4_TYPE;DST_TO_SRC_AVG_THROUGHPUT;CLIENT_TCP_FLAGS;ICMP_TYPE,MIN_TTL
DoS,UNSW,53,0.901607,0.99383,MIN_TTL;MAX_TTL;L4_SRC_PORT;L4_DST_PORT;LONGEST_FLOW_PKT;RETRANSMITTED_IN_BYTES;TCP_FLAGS;DST_TO_SRC_SECOND_BYTES;RETRANSMITTED_IN_PKTS;L7_PROTO,MIN_TTL
DoS,UNSW,54,0.913923,0.995392,MIN_TTL;L4_DST_PORT;SRC_TO_DST_SECOND_BYTES;L4_SRC_PORT;LONGEST_FLOW_PKT;IN_BYTES;OUT_BYTES;TCP_FLAGS;MIN_IP_PKT_LEN;SRC_TO_DST_AVG_THROUGHPUT,MIN_TTL
DoS,UNSW,55,0.909379,0.994707,MIN_TTL;MAX_TTL;L4_SRC_PORT;L4_DST_PORT;LONGEST_FLOW_PKT;RETRANSMITTED_IN_BYTES;IN_PKTS;SRC_TO_DST_AVG_THROUGHPUT;ICMP_IPV4_TYPE;OUT_BYTES,MIN_TTL
DoS,UNSW,56,0.903328,0.994111,MIN_TTL;L4_DST_PORT;LONGEST_FLOW_PKT;MAX_TTL;SRC_TO_DST_SECOND_BYTES;L4_SRC_PORT;TCP_FLAGS;MIN_IP_PKT_LEN;DST_TO_SRC_SECOND_BYTES;IN_BYTES,MIN_TTL
DoS,UNSW,57,0.912184,0.994883,MIN_TTL;MAX_TTL;L4_DST_PORT;LONGEST_FLOW_PKT;L4_SRC_PORT;SRC_TO_DST_SECOND_BYTES;IN_BYTES;RETRANSMITTED_IN_BYTES;OUT_BYTES;L7_PROTO,MIN_TTL
DoS,UNSW,58,0.907729,0.994227,MIN_TTL;L4_DST_PORT;L4_SRC_PORT;LONGEST_FLOW_PKT;MAX_TTL;OUT_BYTES;SRC_TO_DST_SECOND_BYTES;IN_BYTES;TCP_FLAGS;L7_PROTO,MIN_TTL
DoS,UNSW,59,0.906646,0.994246,MIN_TTL;MAX_TTL;L4_SRC_PORT;L4_DST_PORT;LONGEST_FLOW_PKT;OUT_BYTES;SRC_TO_DST_SECOND_BYTES;IN_BYTES;RETRANSMITTED_IN_BYTES;DST_TO_SRC_AVG_THROUGHPUT,MIN_TTL
DoS,UNSW,60,0.904743,0.994584,MIN_TTL;L4_SRC_PORT;MAX_TTL;L4_DST_PORT;SRC_TO_DST_SECOND_BYTES;LONGEST_FLOW_PKT;L7_PROTO;IN_BYTES;RETRANSMITTED_IN_PKTS;OUT_BYTES,MIN_TTL
DoS,UNSW,61,0.90981,0.994554,MIN_TTL;L4_SRC_PORT;L4_DST_PORT;MAX_TTL;LONGEST_FLOW_PKT;SRC_TO_DST_SECOND_BYTES;OUT_BYTES;L7_PROTO;IN_PKTS;DST_TO_SRC_AVG_THROUGHPUT,MIN_TTL
DoS,UNSW,62,0.906447,0.994463,MIN_TTL;MAX_TTL;L4_DST_PORT;L4_SRC_PORT;LONGEST_FLOW_PKT;SRC_TO_DST_SECOND_BYTES;TCP_FLAGS;ICMP_IPV4_TYPE;IN_PKTS;MIN_IP_PKT_LEN,MIN_TTL
DoS,UNSW,63,0.905734,0.995169,MIN_TTL;L4_DST_PORT;L4_SRC_PORT;LONGEST_FLOW_PKT;SRC_TO_DST_SECOND_BYTES;MAX_TTL;L7_PROTO;IN_BYTES;OUT_BYTES;RETRANSMITTED_IN_BYTES,MIN_TTL
DoS,UNSW,64,0.896444,0.993597,MIN_TTL;L4_SRC_PORT;L4_DST_PORT;LONGEST_FLOW_PKT;SRC_TO_DST_SECOND_BYTES;RETRANSMITTED_IN_BYTES;L7_PROTO;OUT_BYTES;IN_BYTES;DST_TO_SRC_SECOND_BYTES,MIN_TTL
DoS,UNSW,65,0.919265,0.994918,MIN_TTL;MAX_TTL;L4_DST_PORT;LONGEST_FLOW_PKT;L4_SRC_PORT;OUT_BYTES;SRC_TO_DST_SECOND_BYTES;IN_PKTS;ICMP_TYPE;ICMP_IPV4_TYPE,MIN_TTL
DoS,UNSW,66,0.904088,0.993751,MIN_TTL;L4_SRC_PORT;L4_DST_PORT;MAX_TTL;LONGEST_FLOW_PKT;SRC_TO_DST_SECOND_BYTES;MIN_IP_PKT_LEN;TCP_FLAGS;IN_BYTES;RETRANSMITTED_IN_BYTES,MIN_TTL
DoS,UNSW,67,0.902391,0.993965,MIN_TTL;MAX_TTL;L4_SRC_PORT;L4_DST_PORT;LONGEST_FLOW_PKT;SRC_TO_DST_SECOND_BYTES;DST_TO_SRC_SECOND_BYTES;RETRANSMITTED_IN_BYTES;NUM_PKTS_UP_TO_128_BYTES;OUT_BYTES,MIN_TTL
DoS,UNSW,68,0.899297,0.994416,MIN_TTL;L4_DST_PORT;MAX_TTL;L4_SRC_PORT;LONGEST_FLOW_PKT;MIN_IP_PKT_LEN;SRC_TO_DST_SECOND_BYTES;IN_PKTS;TCP_FLAGS;OUT_BYTES,MIN_TTL
DoS,UNSW,69,0.905571,0.995107,MIN_TTL;MAX_TTL;L4_DST_PORT;L4_SRC_PORT;LONGEST_FLOW_PKT;SRC_TO_DST_SECOND_BYTES;IN_BYTES;MIN_IP_PKT_LEN;OUT_BYTES;IN_PKTS,MIN_TTL
DoS,UNSW,70,0.904799,0.994699,MIN_TTL;L4_DST_PORT;L4_SRC_PORT;LONGEST_FLOW_PKT;SRC_TO_DST_SECOND_BYTES;IN_BYTES;RETRANSMITTED_IN_BYTES;CLIENT_TCP_FLAGS;OUT_BYTES;L7_PROTO,MIN_TTL
DoS,UNSW,71,0.913217,0.995565,MIN_TTL;MAX_TTL;L4_SRC_PORT;LONGEST_FLOW_PKT;L4_DST_PORT;SRC_TO_DST_SECOND_BYTES;OUT_BYTES;IN_BYTES;SHORTEST_FLOW_PKT;ICMP_IPV4_TYPE,MIN_TTL
DoS,CIC,42,1.0,1.0,DURATION_OUT;MIN_TTL;MAX_TTL;TCP_WIN_MAX_IN;L7_PROTO;NUM_PKTS_256_TO_512_BYTES;DURATION_IN;L4_DST_PORT;SHORTEST_FLOW_PKT;TCP_FLAGS,DURATION_OUT
DoS,CIC,43,0.999917,1.0,DURATION_OUT;MAX_TTL;MIN_TTL;L7_PROTO;TCP_WIN_MAX_IN;SHORTEST_FLOW_PKT;L4_DST_PORT;DURATION_IN;FLOW_DURATION_MILLISECONDS;L4_SRC_PORT,DURATION_OUT
DoS,CIC,44,0.999917,0.999997,DURATION_OUT;MAX_TTL;MIN_TTL;L7_PROTO;TCP_WIN_MAX_IN;SHORTEST_FLOW_PKT;L4_DST_PORT;DURATION_IN;TCP_FLAGS;L4_SRC_PORT,DURATION_OUT
DoS,CIC,45,0.999833,1.0,DURATION_OUT;MIN_TTL;MAX_TTL;L4_DST_PORT;L7_PROTO;L4_SRC_PORT;SHORTEST_FLOW_PKT;DURATION_IN;FLOW_DURATION_MILLISECONDS;TCP_WIN_MAX_IN,DURATION_OUT
DoS,CIC,46,1.0,1.0,DURATION_OUT;MAX_TTL;MIN_TTL;L7_PROTO;SHORTEST_FLOW_PKT;DURATION_IN;L4_DST_PORT;FLOW_DURATION_MILLISECONDS;TCP_WIN_MAX_IN;NUM_PKTS_256_TO_512_BYTES,DURATION_OUT
DoS,CIC,47,1.0,1.0,DURATION_OUT;MAX_TTL;TCP_WIN_MAX_IN;L7_PROTO;MIN_TTL;DURATION_IN;SHORTEST_FLOW_PKT;L4_DST_PORT;NUM_PKTS_256_TO_512_BYTES;FLOW_DURATION_MILLISECONDS,DURATION_OUT
DoS,CIC,48,1.0,1.0,DURATION_OUT;MAX_TTL;TCP_WIN_MAX_IN;MIN_TTL;NUM_PKTS_256_TO_512_BYTES;L7_PROTO;SHORTEST_FLOW_PKT;L4_DST_PORT;FLOW_DURATION_MILLISECONDS;DURATION_IN,DURATION_OUT
DoS,CIC,49,0.999667,1.0,DURATION_OUT;MAX_TTL;MIN_TTL;L7_PROTO;TCP_WIN_MAX_IN;L4_DST_PORT;SHORTEST_FLOW_PKT;L4_SRC_PORT;FLOW_DURATION_MILLISECONDS;DURATION_IN,DURATION_OUT
DoS,CIC,50,0.99975,1.0,DURATION_OUT;MAX_TTL;MIN_TTL;NUM_PKTS_256_TO_512_BYTES;L7_PROTO;TCP_WIN_MAX_IN;FLOW_DURATION_MILLISECONDS;DURATION_IN;L4_SRC_PORT;L4_DST_PORT,DURATION_OUT
DoS,CIC,51,0.999917,1.0,DURATION_OUT;MAX_TTL;TCP_WIN_MAX_IN;MIN_TTL;L7_PROTO;SHORTEST_FLOW_PKT;L4_DST_PORT;DURATION_IN;FLOW_DURATION_MILLISECONDS;L4_SRC_PORT,DURATION_OUT
DoS,CIC,52,1.0,1.0,DURATION_OUT;MAX_TTL;MIN_TTL;TCP_WIN_MAX_IN;L7_PROTO;L4_DST_PORT;DURATION_IN;FLOW_DURATION_MILLISECONDS;SHORTEST_FLOW_PKT;L4_SRC_PORT,DURATION_OUT
DoS,CIC,53,0.999917,0.999998,DURATION_OUT;MIN_TTL;MAX_TTL;L4_SRC_PORT;L7_PROTO;DURATION_IN;SHORTEST_FLOW_PKT;L4_DST_PORT;FLOW_DURATION_MILLISECONDS;NUM_PKTS_256_TO_512_BYTES,DURATION_OUT
DoS,CIC,54,0.999917,1.0,DURATION_OUT;MIN_TTL;MAX_TTL;TCP_WIN_MAX_IN;L7_PROTO;L4_DST_PORT;DURATION_IN;FLOW_DURATION_MILLISECONDS;NUM_PKTS_256_TO_512_BYTES;L4_SRC_PORT,DURATION_OUT
DoS,CIC,55,0.999917,1.0,DURATION_OUT;MAX_TTL;MIN_TTL;L7_PROTO;TCP_WIN_MAX_IN;DURATION_IN;L4_DST_PORT;SHORTEST_FLOW_PKT;FLOW_DURATION_MILLISECONDS;L4_SRC_PORT,DURATION_OUT
DoS,CIC,56,1.0,1.0,DURATION_OUT;MAX_TTL;MIN_TTL;L4_DST_PORT;L7_PROTO;TCP_WIN_MAX_IN;SHORTEST_FLOW_PKT;DURATION_IN;L4_SRC_PORT;FLOW_DURATION_MILLISECONDS,DURATION_OUT
DoS,CIC,57,0.999917,1.0,DURATION_OUT;MIN_TTL;MAX_TTL;L7_PROTO;DURATION_IN;TCP_WIN_MAX_IN;L4_DST_PORT;SHORTEST_FLOW_PKT;L4_SRC_PORT;NUM_PKTS_256_TO_512_BYTES,DURATION_OUT
DoS,CIC,58,0.999917,1.0,DURATION_OUT;MIN_TTL;MAX_TTL;L7_PROTO;DURATION_IN;L4_SRC_PORT;L4_DST_PORT;TCP_WIN_MAX_IN;SHORTEST_FLOW_PKT;NUM_PKTS_256_TO_512_BYTES,DURATION_OUT
DoS,CIC,59,1.0,1.0,DURATION_OUT;MIN_TTL;MAX_TTL;TCP_WIN_MAX_IN;L7_PROTO;NUM_PKTS_256_TO_512_BYTES;L4_DST_PORT;L4_SRC_PORT;FLOW_DURATION_MILLISECONDS;SHORTEST_FLOW_PKT,DURATION_OUT
DoS,CIC,60,1.0,1.0,DURATION_OUT;MAX_TTL;MIN_TTL;L7_PROTO;SHORTEST_FLOW_PKT;TCP_WIN_MAX_IN;L4_DST_PORT;DURATION_IN;L4_SRC_PORT;FLOW_DURATION_MILLISECONDS,DURATION_OUT
DoS,CIC,61,0.999917,1.0,DURATION_OUT;MAX_TTL;MIN_TTL;L4_DST_PORT;L7_PROTO;TCP_WIN_MAX_IN;SHORTEST_FLOW_PKT;L4_SRC_PORT;DURATION_IN;FLOW_DURATION_MILLISECONDS,DURATION_OUT
DoS,CIC,62,1.0,1.0,DURATION_OUT;MAX_TTL;MIN_TTL;TCP_WIN_MAX_IN;L7_PROTO;DURATION_IN;L4_DST_PORT;SHORTEST_FLOW_PKT;L4_SRC_PORT;FLOW_DURATION_MILLISECONDS,DURATION_OUT
DoS,CIC,63,0.999917,1.0,DURATION_OUT;MIN_TTL;MAX_TTL;SHORTEST_FLOW_PKT;L7_PROTO;TCP_WIN_MAX_IN;L4_DST_PORT;FLOW_DURATION_MILLISECONDS;DURATION_IN;L4_SRC_PORT,DURATION_OUT
DoS,CIC,64,0.999917,1.0,DURATION_OUT;MIN_TTL;MAX_TTL;L7_PROTO;TCP_WIN_MAX_IN;L4_DST_PORT;SHORTEST_FLOW_PKT;FLOW_DURATION_MILLISECONDS;DURATION_IN;TCP_FLAGS,DURATION_OUT
DoS,CIC,65,1.0,1.0,DURATION_OUT;MAX_TTL;MIN_TTL;L7_PROTO;L4_DST_PORT;SHORTEST_FLOW_PKT;TCP_WIN_MAX_IN;DURATION_IN;L4_SRC_PORT;FLOW_DURATION_MILLISECONDS,DURATION_OUT
DoS,CIC,66,0.999917,1.0,DURATION_OUT;MIN_TTL;MAX_TTL;L7_PROTO;L4_DST_PORT;TCP_WIN_MAX_IN;DURATION_IN;L4_SRC_PORT;SHORTEST_FLOW_PKT;TCP_FLAGS,DURATION_OUT
DoS,CIC,67,0.999917,1.0,DURATION_OUT;MAX_TTL;MIN_TTL;L7_PROTO;TCP_WIN_MAX_IN;SHORTEST_FLOW_PKT;L4_DST_PORT;TCP_FLAGS;DURATION_IN;L4_SRC_PORT,DURATION_OUT
DoS,CIC,68,1.0,1.0,DURATION_OUT;MIN_TTL;MAX_TTL;TCP_WIN_MAX_IN;L7_PROTO;L4_DST_PORT;SHORTEST_FLOW_PKT;DURATION_IN;FLOW_DURATION_MILLISECONDS;L4_SRC_PORT,DURATION_OUT
DoS,CIC,69,0.999917,1.0,DURATION_OUT;MAX_TTL;MIN_TTL;L7_PROTO;L4_DST_PORT;DURATION_IN;TCP_WIN_MAX_IN;FLOW_DURATION_MILLISECONDS;SHORTEST_FLOW_PKT;NUM_PKTS_256_TO_512_BYTES,DURATION_OUT
DoS,CIC,70,1.0,1.0,DURATION_OUT;MIN_TTL;MAX_TTL;TCP_WIN_MAX_IN;L4_DST_PORT;L7_PROTO;FLOW_DURATION_MILLISECONDS;SHORTEST_FLOW_PKT;DURATION_IN;L4_SRC_PORT,DURATION_OUT
DoS,CIC,71,0.999917,1.0,DURATION_OUT;MAX_TTL;MIN_TTL;L7_PROTO;SHORTEST_FLOW_PKT;DURATION_IN;TCP_WIN_MAX_IN;L4_DST_PORT;L4_SRC_PORT;FLOW_DURATION_MILLISECONDS,DURATION_OUT
DoS,ToN,42,0.900472,0.997851,TCP_WIN_MAX_IN;DNS_QUERY_TYPE;LONGEST_FLOW_PKT;MIN_TTL;DNS_TTL_ANSWER;SRC_TO_DST_AVG_THROUGHPUT;IN_BYTES;L4_SRC_PORT;DNS_QUERY_ID;DST_TO_SRC_AVG_THROUGHPUT,TCP_WIN_MAX_IN
DoS,ToN,43,0.90205,0.997837,TCP_WIN_MAX_IN;LONGEST_FLOW_PKT;DNS_QUERY_TYPE;MIN_TTL;DNS_TTL_ANSWER;DST_TO_SRC_AVG_THROUGHPUT;MIN_IP_PKT_LEN;L4_SRC_PORT;SRC_TO_DST_AVG_THROUGHPUT;DNS_QUERY_ID,TCP_WIN_MAX_IN
DoS,ToN,44,0.89738,0.997834,TCP_WIN_MAX_IN;DNS_QUERY_TYPE;LONGEST_FLOW_PKT;IN_PKTS;DNS_TTL_ANSWER;MIN_TTL;SRC_TO_DST_AVG_THROUGHPUT;SRC_TO_DST_SECOND_BYTES;DST_TO_SRC_AVG_THROUGHPUT;DNS_QUERY_ID,TCP_WIN_MAX_IN
DoS,ToN,45,0.894036,0.997714,TCP_WIN_MAX_IN;LONGEST_FLOW_PKT;DNS_QUERY_TYPE;MIN_TTL;DNS_TTL_ANSWER;SRC_TO_DST_AVG_THROUGHPUT;IN_BYTES;IN_PKTS;DNS_QUERY_ID;DST_TO_SRC_AVG_THROUGHPUT,TCP_WIN_MAX_IN
DoS,ToN,46,0.895786,0.997885,TCP_WIN_MAX_IN;LONGEST_FLOW_PKT;DNS_QUERY_TYPE;MIN_TTL;DNS_TTL_ANSWER;SRC_TO_DST_AVG_THROUGHPUT;SHORTEST_FLOW_PKT;IN_BYTES;DST_TO_SRC_AVG_THROUGHPUT;L4_SRC_PORT,TCP_WIN_MAX_IN
DoS,ToN,47,0.894451,0.997882,TCP_WIN_MAX_IN;LONGEST_FLOW_PKT;DNS_QUERY_TYPE;MIN_TTL;DNS_TTL_ANSWER;IN_PKTS;MIN_IP_PKT_LEN;DNS_QUERY_ID;SRC_TO_DST_AVG_THROUGHPUT;NUM_PKTS_UP_TO_128_BYTES,TCP_WIN_MAX_IN
DoS,ToN,48,0.898999,0.997818,TCP_WIN_MAX_IN;DNS_QUERY_TYPE;LONGEST_FLOW_PKT;MIN_TTL;DNS_TTL_ANSWER;SRC_TO_DST_AVG_THROUGHPUT;DST_TO_SRC_SECOND_BYTES;DNS_QUERY_ID;IN_BYTES;L4_SRC_PORT,TCP_WIN_MAX_IN
DoS,ToN,49,0.900837,0.997812,TCP_WIN_MAX_IN;DNS_QUERY_TYPE;LONGEST_FLOW_PKT;MIN_TTL;DNS_TTL_ANSWER;SRC_TO_DST_AVG_THROUGHPUT;DNS_QUERY_ID;DST_TO_SRC_SECOND_BYTES;IN_BYTES;L4_SRC_PORT,TCP_WIN_MAX_IN
DoS,ToN,50,0.900472,0.998078,TCP_WIN_MAX_IN;DNS_QUERY_TYPE;LONGEST_FLOW_PKT;MIN_TTL;DNS_TTL_ANSWER;DNS_QUERY_ID;IN_BYTES;L4_SRC_PORT;SRC_TO_DST_SECOND_BYTES;DST_TO_SRC_AVG_THROUGHPUT,TCP_WIN_MAX_IN
DoS,ToN,51,0.896427,0.99794,TCP_WIN_MAX_IN;LONGEST_FLOW_PKT;DNS_QUERY_TYPE;SRC_TO_DST_AVG_THROUGHPUT;MIN_TTL;IN_PKTS;DST_TO_SRC_AVG_THROUGHPUT;DNS_QUERY_ID;MIN_IP_PKT_LEN;L4_SRC_PORT,TCP_WIN_MAX_IN
DoS,ToN,52,0.893216,0.997809,TCP_WIN_MAX_IN;DNS_QUERY_TYPE;LONGEST_FLOW_PKT;SRC_TO_DST_AVG_THROUGHPUT;DNS_TTL_ANSWER;IN_PKTS;MIN_TTL;IN_BYTES;MIN_IP_PKT_LEN;DST_TO_SRC_AVG_THROUGHPUT,TCP_WIN_MAX_IN
DoS,ToN,53,0.894594,0.997883,TCP_WIN_MAX_IN;LONGEST_FLOW_PKT;DNS_QUERY_TYPE;IN_PKTS;MIN_TTL;SRC_TO_DST_AVG_THROUGHPUT;MIN_IP_PKT_LEN;DNS_TTL_ANSWER;DNS_QUERY_ID;DST_TO_SRC_SECOND_BYTES,TCP_WIN_MAX_IN
DoS,ToN,54,0.90447,0.997932,TCP_WIN_MAX_IN;DNS_QUERY_TYPE;LONGEST_FLOW_PKT;MIN_TTL;SRC_TO_DST_AVG_THROUGHPUT;DNS_QUERY_ID;DNS_TTL_ANSWER;IN_BYTES;L4_SRC_PORT;MIN_IP_PKT_LEN,TCP_WIN_MAX_IN
DoS,ToN,55,0.897762,0.997584,TCP_WIN_MAX_IN;DNS_QUERY_TYPE;LONGEST_FLOW_PKT;IN_PKTS;MIN_TTL;DNS_TTL_ANSWER;DNS_QUERY_ID;IN_BYTES;SRC_TO_DST_AVG_THROUGHPUT;SRC_TO_DST_SECOND_BYTES,TCP_WIN_MAX_IN
DoS,ToN,56,0.900471,0.99788,TCP_WIN_MAX_IN;LONGEST_FLOW_PKT;DNS_QUERY_TYPE;MIN_TTL;SRC_TO_DST_AVG_THROUGHPUT;DST_TO_SRC_AVG_THROUGHPUT;DNS_TTL_ANSWER;DNS_QUERY_ID;L4_SRC_PORT;IN_PKTS,TCP_WIN_MAX_IN
DoS,ToN,57,0.899452,0.997874,TCP_WIN_MAX_IN;DNS_QUERY_TYPE;LONGEST_FLOW_PKT;MIN_TTL;DNS_TTL_ANSWER;IN_PKTS;DST_TO_SRC_AVG_THROUGHPUT;DNS_QUERY_ID;SRC_TO_DST_AVG_THROUGHPUT;L4_SRC_PORT,TCP_WIN_MAX_IN
DoS,ToN,58,0.898595,0.997796,TCP_WIN_MAX_IN;LONGEST_FLOW_PKT;SRC_TO_DST_AVG_THROUGHPUT;MIN_TTL;DNS_QUERY_TYPE;IN_PKTS;DNS_TTL_ANSWER;L4_SRC_PORT;MIN_IP_PKT_LEN;DST_TO_SRC_AVG_THROUGHPUT,TCP_WIN_MAX_IN
DoS,ToN,59,0.899871,0.997737,TCP_WIN_MAX_IN;DNS_QUERY_TYPE;LONGEST_FLOW_PKT;SRC_TO_DST_AVG_THROUGHPUT;MIN_TTL;DNS_TTL_ANSWER;DNS_QUERY_ID;IN_PKTS;L4_SRC_PORT;DST_TO_SRC_AVG_THROUGHPUT,TCP_WIN_MAX_IN
DoS,ToN,60,0.901907,0.997975,TCP_WIN_MAX_IN;DNS_QUERY_TYPE;LONGEST_FLOW_PKT;SRC_TO_DST_AVG_THROUGHPUT;MIN_TTL;DNS_TTL_ANSWER;L4_SRC_PORT;DNS_QUERY_ID;NUM_PKTS_UP_TO_128_BYTES;DST_TO_SRC_AVG_THROUGHPUT,TCP_WIN_MAX_IN
DoS,ToN,61,0.898899,0.997904,TCP_WIN_MAX_IN;DNS_QUERY_TYPE;LONGEST_FLOW_PKT;MIN_TTL;IN_PKTS;SRC_TO_DST_AVG_THROUGHPUT;DNS_TTL_ANSWER;DST_TO_SRC_AVG_THROUGHPUT;L4_SRC_PORT;DNS_QUERY_ID,TCP_WIN_MAX_IN
DoS,ToN,62,0.894987,0.997951,TCP_WIN_MAX_IN;DNS_QUERY_TYPE;LONGEST_FLOW_PKT;DNS_TTL_ANSWER;MIN_TTL;IN_PKTS;OUT_BYTES;SRC_TO_DST_AVG_THROUGHPUT;DNS_QUERY_ID;MIN_IP_PKT_LEN,TCP_WIN_MAX_IN
DoS,ToN,63,0.898126,0.997704,TCP_WIN_MAX_IN;DNS_QUERY_TYPE;LONGEST_FLOW_PKT;MIN_TTL;DNS_TTL_ANSWER;SRC_TO_DST_AVG_THROUGHPUT;IN_PKTS;DNS_QUERY_ID;L4_SRC_PORT;DST_TO_SRC_AVG_THROUGHPUT,TCP_WIN_MAX_IN
DoS,ToN,64,0.898309,0.997828,TCP_WIN_MAX_IN;LONGEST_FLOW_PKT;DNS_QUERY_TYPE;MIN_TTL;SRC_TO_DST_AVG_THROUGHPUT;DNS_TTL_ANSWER;DNS_QUERY_ID;IN_PKTS;L4_SRC_PORT;SHORTEST_FLOW_PKT,TCP_WIN_MAX_IN
DoS,ToN,65,0.900485,0.997875,TCP_WIN_MAX_IN;LONGEST_FLOW_PKT;DNS_QUERY_TYPE;MIN_TTL;DNS_TTL_ANSWER;DNS_QUERY_ID;IN_PKTS;DST_TO_SRC_AVG_THROUGHPUT;L4_SRC_PORT;MAX_TTL,TCP_WIN_MAX_IN
DoS,ToN,66,0.897787,0.99794,TCP_WIN_MAX_IN;LONGEST_FLOW_PKT;DNS_QUERY_TYPE;MIN_TTL;DNS_TTL_ANSWER;IN_PKTS;SRC_TO_DST_AVG_THROUGHPUT;DST_TO_SRC_AVG_THROUGHPUT;L4_SRC_PORT;MIN_IP_PKT_LEN,TCP_WIN_MAX_IN
DoS,ToN,67,0.900282,0.997881,TCP_WIN_MAX_IN;LONGEST_FLOW_PKT;DNS_QUERY_TYPE;MIN_TTL;DNS_TTL_ANSWER;IN_PKTS;DNS_QUERY_ID;SRC_TO_DST_AVG_THROUGHPUT;L4_SRC_PORT;DST_TO_SRC_AVG_THROUGHPUT,TCP_WIN_MAX_IN
DoS,ToN,68,0.891754,0.997671,TCP_WIN_MAX_IN;DNS_QUERY_TYPE;LONGEST_FLOW_PKT;MIN_TTL;DNS_TTL_ANSWER;IN_PKTS;SRC_TO_DST_AVG_THROUGHPUT;SHORTEST_FLOW_PKT;DNS_QUERY_ID;OUT_BYTES,TCP_WIN_MAX_IN
DoS,ToN,69,0.899696,0.997855,TCP_WIN_MAX_IN;LONGEST_FLOW_PKT;DNS_QUERY_TYPE;DNS_TTL_ANSWER;MIN_TTL;SRC_TO_DST_AVG_THROUGHPUT;DNS_QUERY_ID;L4_SRC_PORT;NUM_PKTS_UP_TO_128_BYTES;SHORTEST_FLOW_PKT,TCP_WIN_MAX_IN
DoS,ToN,70,0.896058,0.997916,TCP_WIN_MAX_IN;DNS_QUERY_TYPE;LONGEST_FLOW_PKT;MIN_TTL;DNS_TTL_ANSWER;IN_PKTS;DNS_QUERY_ID;SRC_TO_DST_AVG_THROUGHPUT;MIN_IP_PKT_LEN;IN_BYTES,TCP_WIN_MAX_IN
DoS,ToN,71,0.893425,0.997593,TCP_WIN_MAX_IN;LONGEST_FLOW_PKT;DNS_QUERY_TYPE;MIN_TTL;DNS_TTL_ANSWER;SRC_TO_DST_AVG_THROUGHPUT;MIN_IP_PKT_LEN;IN_PKTS;DST_TO_SRC_AVG_THROUGHPUT;DNS_QUERY_ID,TCP_WIN_MAX_IN
DoS,BoT,42,0.952373,0.999043,NUM_PKTS_UP_TO_128_BYTES;IN_BYTES;L4_SRC_PORT;DURATION_IN;FLOW_DURATION_MILLISECONDS;NUM_PKTS_128_TO_256_BYTES;SRC_TO_DST_SECOND_BYTES;SRC_TO_DST_AVG_THROUGHPUT;TCP_WIN_MAX_IN;SHORTEST_FLOW_PKT,NUM_PKTS_UP_TO_128_BYTES
DoS,BoT,43,0.952008,0.999058,NUM_PKTS_UP_TO_128_BYTES;IN_BYTES;L4_SRC_PORT;DURATION_IN;FLOW_DURATION_MILLISECONDS;NUM_PKTS_128_TO_256_BYTES;SRC_TO_DST_SECOND_BYTES;TCP_WIN_MAX_IN;SHORTEST_FLOW_PKT;TCP_WIN_MAX_OUT,NUM_PKTS_UP_TO_128_BYTES
DoS,BoT,44,0.950156,0.999069,NUM_PKTS_UP_TO_128_BYTES;IN_BYTES;L4_SRC_PORT;DURATION_IN;FLOW_DURATION_MILLISECONDS;NUM_PKTS_128_TO_256_BYTES;SRC_TO_DST_SECOND_BYTES;TCP_WIN_MAX_IN;SHORTEST_FLOW_PKT;SRC_TO_DST_AVG_THROUGHPUT,NUM_PKTS_UP_TO_128_BYTES
DoS,BoT,45,0.949876,0.998842,NUM_PKTS_UP_TO_128_BYTES;IN_BYTES;L4_SRC_PORT;NUM_PKTS_128_TO_256_BYTES;DURATION_IN;FLOW_DURATION_MILLISECONDS;SRC_TO_DST_SECOND_BYTES;TCP_WIN_MAX_IN;SRC_TO_DST_AVG_THROUGHPUT;TCP_WIN_MAX_OUT,NUM_PKTS_UP_TO_128_BYTES
DoS,BoT,46,0.953232,0.999062,NUM_PKTS_UP_TO_128_BYTES;IN_BYTES;L4_SRC_PORT;DURATION_IN;FLOW_DURATION_MILLISECONDS;NUM_PKTS_128_TO_256_BYTES;SRC_TO_DST_SECOND_BYTES;TCP_WIN_MAX_IN;SHORTEST_FLOW_PKT;TCP_WIN_MAX_OUT,NUM_PKTS_UP_TO_128_BYTES
DoS,BoT,47,0.950869,0.999179,NUM_PKTS_UP_TO_128_BYTES;IN_BYTES;DURATION_IN;L4_SRC_PORT;NUM_PKTS_128_TO_256_BYTES;FLOW_DURATION_MILLISECONDS;SRC_TO_DST_SECOND_BYTES;TCP_WIN_MAX_IN;TCP_WIN_MAX_OUT;SHORTEST_FLOW_PKT,NUM_PKTS_UP_TO_128_BYTES
DoS,BoT,48,0.951537,0.998584,NUM_PKTS_UP_TO_128_BYTES;IN_BYTES;DURATION_IN;FLOW_DURATION_MILLISECONDS;L4_SRC_PORT;NUM_PKTS_128_TO_256_BYTES;SRC_TO_DST_SECOND_BYTES;SHORTEST_FLOW_PKT;SERVER_TCP_FLAGS;TCP_WIN_MAX_IN,NUM_PKTS_UP_TO_128_BYTES
DoS,BoT,49,0.950295,0.998939,NUM_PKTS_UP_TO_128_BYTES;IN_BYTES;L4_SRC_PORT;DURATION_IN;NUM_PKTS_128_TO_256_BYTES;FLOW_DURATION_MILLISECONDS;SRC_TO_DST_SECOND_BYTES;SRC_TO_DST_AVG_THROUGHPUT;TCP_WIN_MAX_IN;TCP_WIN_MAX_OUT,NUM_PKTS_UP_TO_128_BYTES
DoS,BoT,50,0.953591,0.99904,NUM_PKTS_UP_TO_128_BYTES;IN_BYTES;DURATION_IN;L4_SRC_PORT;NUM_PKTS_128_TO_256_BYTES;FLOW_DURATION_MILLISECONDS;SRC_TO_DST_SECOND_BYTES;SHORTEST_FLOW_PKT;TCP_WIN_MAX_IN;TCP_WIN_MAX_OUT,NUM_PKTS_UP_TO_128_BYTES
DoS,BoT,51,0.949323,0.998627,NUM_PKTS_UP_TO_128_BYTES;IN_BYTES;L4_SRC_PORT;DURATION_IN;FLOW_DURATION_MILLISECONDS;NUM_PKTS_128_TO_256_BYTES;SRC_TO_DST_SECOND_BYTES;SHORTEST_FLOW_PKT;TCP_WIN_MAX_IN;SRC_TO_DST_AVG_THROUGHPUT,NUM_PKTS_UP_TO_128_BYTES
DoS,BoT,52,0.952138,0.999049,NUM_PKTS_UP_TO_128_BYTES;IN_BYTES;NUM_PKTS_128_TO_256_BYTES;DURATION_IN;L4_SRC_PORT;FLOW_DURATION_MILLISECONDS;SRC_TO_DST_SECOND_BYTES;TCP_WIN_MAX_OUT;TCP_WIN_MAX_IN;CLIENT_TCP_FLAGS,NUM_PKTS_UP_TO_128_BYTES
DoS,BoT,53,0.949104,0.998887,NUM_PKTS_UP_TO_128_BYTES;IN_BYTES;DURATION_IN;L4_SRC_PORT;FLOW_DURATION_MILLISECONDS;NUM_PKTS_128_TO_256_BYTES;SRC_TO_DST_SECOND_BYTES;TCP_WIN_MAX_IN;SHORTEST_FLOW_PKT;SERVER_TCP_FLAGS,NUM_PKTS_UP_TO_128_BYTES
DoS,BoT,54,0.953699,0.998974,NUM_PKTS_UP_TO_128_BYTES;IN_BYTES;DURATION_IN;FLOW_DURATION_MILLISECONDS;L4_SRC_PORT;NUM_PKTS_128_TO_256_BYTES;SRC_TO_DST_SECOND_BYTES;SHORTEST_FLOW_PKT;TCP_WIN_MAX_IN;SRC_TO_DST_AVG_THROUGHPUT,NUM_PKTS_UP_TO_128_BYTES
DoS,BoT,55,0.950655,0.998935,NUM_PKTS_UP_TO_128_BYTES;IN_BYTES;DURATION_IN;L4_SRC_PORT;FLOW_DURATION_MILLISECONDS;NUM_PKTS_128_TO_256_BYTES;SRC_TO_DST_SECOND_BYTES;SHORTEST_FLOW_PKT;TCP_WIN_MAX_IN;SRC_TO_DST_AVG_THROUGHPUT,NUM_PKTS_UP_TO_128_BYTES
DoS,BoT,56,0.947394,0.998756,NUM_PKTS_UP_TO_128_BYTES;IN_BYTES;DURATION_IN;L4_SRC_PORT;FLOW_DURATION_MILLISECONDS;SRC_TO_DST_SECOND_BYTES;NUM_PKTS_128_TO_256_BYTES;TCP_WIN_MAX_IN;SHORTEST_FLOW_PKT;TCP_WIN_MAX_OUT,NUM_PKTS_UP_TO_128_BYTES
DoS,BoT,57,0.953964,0.998879,NUM_PKTS_UP_TO_128_BYTES;IN_BYTES;L4_SRC_PORT;DURATION_IN;FLOW_DURATION_MILLISECONDS;NUM_PKTS_128_TO_256_BYTES;SRC_TO_DST_SECOND_BYTES;TCP_WIN_MAX_OUT;TCP_WIN_MAX_IN;SHORTEST_FLOW_PKT,NUM_PKTS_UP_TO_128_BYTES
DoS,BoT,58,0.952107,0.999141,NUM_PKTS_UP_TO_128_BYTES;IN_BYTES;DURATION_IN;FLOW_DURATION_MILLISECONDS;L4_SRC_PORT;NUM_PKTS_128_TO_256_BYTES;SRC_TO_DST_SECOND_BYTES;TCP_WIN_MAX_IN;SRC_TO_DST_AVG_THROUGHPUT;TCP_WIN_MAX_OUT,NUM_PKTS_UP_TO_128_BYTES
DoS,BoT,59,0.947343,0.998876,NUM_PKTS_UP_TO_128_BYTES;IN_BYTES;L4_SRC_PORT;DURATION_IN;FLOW_DURATION_MILLISECONDS;NUM_PKTS_128_TO_256_BYTES;SRC_TO_DST_SECOND_BYTES;TCP_WIN_MAX_OUT;TCP_WIN_MAX_IN;SERVER_TCP_FLAGS,NUM_PKTS_UP_TO_128_BYTES
DoS,BoT,60,0.948398,0.998608,NUM_PKTS_UP_TO_128_BYTES;IN_BYTES;L4_SRC_PORT;DURATION_IN;FLOW_DURATION_MILLISECONDS;NUM_PKTS_128_TO_256_BYTES;SRC_TO_DST_SECOND_BYTES;TCP_WIN_MAX_IN;CLIENT_TCP_FLAGS;SRC_TO_DST_AVG_THROUGHPUT,NUM_PKTS_UP_TO_128_BYTES
DoS,BoT,61,0.952274,0.99903,NUM_PKTS_UP_TO_128_BYTES;IN_BYTES;DURATION_IN;L4_SRC_PORT;FLOW_DURATION_MILLISECONDS;NUM_PKTS_128_TO_256_BYTES;SRC_TO_DST_SECOND_BYTES;TCP_WIN_MAX_IN;TCP_WIN_MAX_OUT;SHORTEST_FLOW_PKT,NUM_PKTS_UP_TO_128_BYTES
DoS,BoT,62,0.953104,0.99899,NUM_PKTS_UP_TO_128_BYTES;IN_BYTES;DURATION_IN;L4_SRC_PORT;FLOW_DURATION_MILLISECONDS;NUM_PKTS_128_TO_256_BYTES;SRC_TO_DST_SECOND_BYTES;TCP_WIN_MAX_IN;TCP_WIN_MAX_OUT;SERVER_TCP_FLAGS,NUM_PKTS_UP_TO_128_BYTES
DoS,BoT,63,0.94959,0.998913,NUM_PKTS_UP_TO_128_BYTES;IN_BYTES;L4_SRC_PORT;DURATION_IN;NUM_PKTS_128_TO_256_BYTES;FLOW_DURATION_MILLISECONDS;SRC_TO_DST_SECOND_BYTES;TCP_WIN_MAX_IN;SHORTEST_FLOW_PKT;SERVER_TCP_FLAGS,NUM_PKTS_UP_TO_128_BYTES
DoS,BoT,64,0.946917,0.9987,NUM_PKTS_UP_TO_128_BYTES;IN_BYTES;DURATION_IN;FLOW_DURATION_MILLISECONDS;L4_SRC_PORT;NUM_PKTS_128_TO_256_BYTES;SRC_TO_DST_SECOND_BYTES;LONGEST_FLOW_PKT;TCP_WIN_MAX_IN;SRC_TO_DST_AVG_THROUGHPUT,NUM_PKTS_UP_TO_128_BYTES
DoS,BoT,65,0.950914,0.998985,NUM_PKTS_UP_TO_128_BYTES;IN_BYTES;L4_SRC_PORT;DURATION_IN;NUM_PKTS_128_TO_256_BYTES;FLOW_DURATION_MILLISECONDS;SRC_TO_DST_SECOND_BYTES;TCP_WIN_MAX_IN;TCP_WIN_MAX_OUT;SHORTEST_FLOW_PKT,NUM_PKTS_UP_TO_128_BYTES
DoS,BoT,66,0.950231,0.999042,NUM_PKTS_UP_TO_128_BYTES;IN_BYTES;L4_SRC_PORT;DURATION_IN;FLOW_DURATION_MILLISECONDS;NUM_PKTS_128_TO_256_BYTES;SRC_TO_DST_SECOND_BYTES;SHORTEST_FLOW_PKT;TCP_WIN_MAX_IN;TCP_WIN_MAX_OUT,NUM_PKTS_UP_TO_128_BYTES
DoS,BoT,67,0.948398,0.999078,NUM_PKTS_UP_TO_128_BYTES;IN_BYTES;L4_SRC_PORT;DURATION_IN;NUM_PKTS_128_TO_256_BYTES;FLOW_DURATION_MILLISECONDS;SRC_TO_DST_SECOND_BYTES;TCP_WIN_MAX_IN;CLIENT_TCP_FLAGS;TCP_WIN_MAX_OUT,NUM_PKTS_UP_TO_128_BYTES
DoS,BoT,68,0.952305,0.999037,NUM_PKTS_UP_TO_128_BYTES;IN_BYTES;L4_SRC_PORT;NUM_PKTS_128_TO_256_BYTES;DURATION_IN;FLOW_DURATION_MILLISECONDS;SRC_TO_DST_SECOND_BYTES;SHORTEST_FLOW_PKT;TCP_WIN_MAX_IN;LONGEST_FLOW_PKT,NUM_PKTS_UP_TO_128_BYTES
DoS,BoT,69,0.954629,0.999125,NUM_PKTS_UP_TO_128_BYTES;IN_BYTES;DURATION_IN;L4_SRC_PORT;FLOW_DURATION_MILLISECONDS;NUM_PKTS_128_TO_256_BYTES;SRC_TO_DST_SECOND_BYTES;LONGEST_FLOW_PKT;TCP_WIN_MAX_IN;SHORTEST_FLOW_PKT,NUM_PKTS_UP_TO_128_BYTES
DoS,BoT,70,0.953462,0.999188,NUM_PKTS_UP_TO_128_BYTES;IN_BYTES;L4_SRC_PORT;DURATION_IN;FLOW_DURATION_MILLISECONDS;NUM_PKTS_128_TO_256_BYTES;SRC_TO_DST_SECOND_BYTES;SHORTEST_FLOW_PKT;TCP_WIN_MAX_IN;TCP_WIN_MAX_OUT,NUM_PKTS_UP_TO_128_BYTES
DoS,BoT,71,0.952054,0.999062,NUM_PKTS_UP_TO_128_BYTES;IN_BYTES;DURATION_IN;L4_SRC_PORT;FLOW_DURATION_MILLISECONDS;NUM_PKTS_128_TO_256_BYTES;SRC_TO_DST_SECOND_BYTES;TCP_WIN_MAX_IN;SERVER_TCP_FLAGS;TCP_WIN_MAX_OUT,NUM_PKTS_UP_TO_128_BYTES
Reconnaissance,UNSW,42,0.964407,0.999256,MIN_TTL;L4_DST_PORT;MAX_TTL;MIN_IP_PKT_LEN;L4_SRC_PORT;LONGEST_FLOW_PKT;NUM_PKTS_UP_TO_128_BYTES;SHORTEST_FLOW_PKT;SRC_TO_DST_SECOND_BYTES;SRC_TO_DST_AVG_THROUGHPUT,MIN_TTL
Reconnaissance,UNSW,43,0.965648,0.999388,MIN_TTL;L4_DST_PORT;MIN_IP_PKT_LEN;MAX_TTL;L4_SRC_PORT;L7_PROTO;LONGEST_FLOW_PKT;SHORTEST_FLOW_PKT;SRC_TO_DST_SECOND_BYTES;OUT_PKTS,MIN_TTL
Reconnaissance,UNSW,44,0.965504,0.999218,L4_DST_PORT;MIN_TTL;MIN_IP_PKT_LEN;MAX_TTL;L4_SRC_PORT;SHORTEST_FLOW_PKT;LONGEST_FLOW_PKT;SRC_TO_DST_SECOND_BYTES;NUM_PKTS_UP_TO_128_BYTES;ICMP_IPV4_TYPE,L4_DST_PORT
Reconnaissance,UNSW,45,0.961815,0.999255,MIN_TTL;L4_DST_PORT;MIN_IP_PKT_LEN;MAX_TTL;L4_SRC_PORT;LONGEST_FLOW_PKT;SHORTEST_FLOW_PKT;L7_PROTO;ICMP_IPV4_TYPE;SRC_TO_DST_SECOND_BYTES,MIN_TTL
Reconnaissance,UNSW,46,0.965334,0.99921,L4_DST_PORT;MIN_TTL;MIN_IP_PKT_LEN;MAX_TTL;L4_SRC_PORT;LONGEST_FLOW_PKT;SHORTEST_FLOW_PKT;ICMP_TYPE;SRC_TO_DST_AVG_THROUGHPUT;L7_PROTO,L4_DST_PORT
Reconnaissance,UNSW,47,0.962571,0.999258,MIN_TTL;L4_DST_PORT;MIN_IP_PKT_LEN;MAX_TTL;L4_SRC_PORT;LONGEST_FLOW_PKT;SRC_TO_DST_SECOND_BYTES;SRC_TO_DST_AVG_THROUGHPUT;IN_BYTES;SHORTEST_FLOW_PKT,MIN_TTL
Reconnaissance,UNSW,48,0.96459,0.999264,L4_DST_PORT;MIN_TTL;MIN_IP_PKT_LEN;MAX_TTL;L4_SRC_PORT;LONGEST_FLOW_PKT;L7_PROTO;SRC_TO_DST_AVG_THROUGHPUT;IN_BYTES;ICMP_IPV4_TYPE,L4_DST_PORT
Reconnaissance,UNSW,49,0.964523,0.999312,L4_DST_PORT;MIN_TTL;MAX_TTL;MIN_IP_PKT_LEN;L4_SRC_PORT;IN_BYTES;SHORTEST_FLOW_PKT;LONGEST_FLOW_PKT;ICMP_IPV4_TYPE;NUM_PKTS_UP_TO_128_BYTES,L4_DST_PORT
Reconnaissance,UNSW,50,0.96434,0.999212,L4_DST_PORT;MIN_TTL;MIN_IP_PKT_LEN;MAX_TTL;LONGEST_FLOW_PKT;SHORTEST_FLOW_PKT;L4_SRC_PORT;L7_PROTO;SRC_TO_DST_SECOND_BYTES;SRC_TO_DST_AVG_THROUGHPUT,L4_DST_PORT
Reconnaissance,UNSW,51,0.963819,0.999291,MIN_TTL;L4_DST_PORT;MIN_IP_PKT_LEN;MAX_TTL;LONGEST_FLOW_PKT;L4_SRC_PORT;SHORTEST_FLOW_PKT;NUM_PKTS_UP_TO_128_BYTES;L7_PROTO;IN_BYTES,MIN_TTL
Reconnaissance,UNSW,52,0.963887,0.999255,L4_DST_PORT;MIN_TTL;MIN_IP_PKT_LEN;MAX_TTL;L4_SRC_PORT;LONGEST_FLOW_PKT;ICMP_TYPE;SHORTEST_FLOW_PKT;IN_BYTES;NUM_PKTS_UP_TO_128_BYTES,L4_DST_PORT
Reconnaissance,UNSW,53,0.96587,0.999289,L4_DST_PORT;MIN_TTL;MAX_TTL;MIN_IP_PKT_LEN;L4_SRC_PORT;LONGEST_FLOW_PKT;SRC_TO_DST_SECOND_BYTES;ICMP_IPV4_TYPE;SHORTEST_FLOW_PKT;L7_PROTO,L4_DST_PORT
Reconnaissance,UNSW,54,0.967313,0.999301,MIN_TTL;L4_DST_PORT;MIN_IP_PKT_LEN;MAX_TTL;L4_SRC_PORT;L7_PROTO;SHORTEST_FLOW_PKT;ICMP_IPV4_TYPE;SRC_TO_DST_AVG_THROUGHPUT;LONGEST_FLOW_PKT,MIN_TTL
Reconnaissance,UNSW,55,0.969084,0.999382,L4_DST_PORT;MIN_TTL;MAX_TTL;MIN_IP_PKT_LEN;L4_SRC_PORT;SRC_TO_DST_SECOND_BYTES;LONGEST_FLOW_PKT;SHORTEST_FLOW_PKT;ICMP_IPV4_TYPE;TCP_FLAGS,L4_DST_PORT
Reconnaissance,UNSW,56,0.968429,0.999445,L4_DST_PORT;MIN_TTL;MIN_IP_PKT_LEN;MAX_TTL;L4_SRC_PORT;SHORTEST_FLOW_PKT;LONGEST_FLOW_PKT;IN_BYTES;ICMP_TYPE;NUM_PKTS_UP_TO_128_BYTES,L4_DST_PORT
Reconnaissance,UNSW,57,0.962865,0.999302,MIN_TTL;L4_DST_PORT;MAX_TTL;MIN_IP_PKT_LEN;LONGEST_FLOW_PKT;L4_SRC_PORT;SHORTEST_FLOW_PKT;L7_PROTO;IN_BYTES;SRC_TO_DST_AVG_THROUGHPUT,MIN_TTL
Reconnaissance,UNSW,58,0.968625,0.999285,MIN_TTL;L4_DST_PORT;MAX_TTL;MIN_IP_PKT_LEN;L4_SRC_PORT;LONGEST_FLOW_PKT;ICMP_IPV4_TYPE;L7_PROTO;IN_BYTES;SHORTEST_FLOW_PKT,MIN_TTL
Reconnaissance,UNSW,59,0.964563,0.999256,MIN_TTL;L4_DST_PORT;MAX_TTL;MIN_IP_PKT_LEN;LONGEST_FLOW_PKT;SHORTEST_FLOW_PKT;L4_SRC_PORT;L7_PROTO;SRC_TO_DST_AVG_THROUGHPUT;ICMP_IPV4_TYPE,MIN_TTL
Reconnaissance,UNSW,60,0.965818,0.999325,MIN_TTL;L4_DST_PORT;MIN_IP_PKT_LEN;MAX_TTL;L4_SRC_PORT;LONGEST_FLOW_PKT;SHORTEST_FLOW_PKT;ICMP_IPV4_TYPE;L7_PROTO;SRC_TO_DST_SECOND_BYTES,MIN_TTL
Reconnaissance,UNSW,61,0.966382,0.999312,MIN_TTL;L4_DST_PORT;MIN_IP_PKT_LEN;MAX_TTL;L4_SRC_PORT;SHORTEST_FLOW_PKT;LONGEST_FLOW_PKT;SRC_TO_DST_SECOND_BYTES;L7_PROTO;SRC_TO_DST_AVG_THROUGHPUT,MIN_TTL
Reconnaissance,UNSW,62,0.962011,0.999265,L4_DST_PORT;MIN_TTL;MAX_TTL;MIN_IP_PKT_LEN;L4_SRC_PORT;LONGEST_FLOW_PKT;SHORTEST_FLOW_PKT;SRC_TO_DST_SECOND_BYTES;L7_PROTO;IN_BYTES,L4_DST_PORT
Reconnaissance,UNSW,63,0.965478,0.999328,MIN_TTL;L4_DST_PORT;MIN_IP_PKT_LEN;MAX_TTL;L4_SRC_PORT;LONGEST_FLOW_PKT;L7_PROTO;SRC_TO_DST_AVG_THROUGHPUT;SHORTEST_FLOW_PKT;ICMP_IPV4_TYPE,MIN_TTL
Reconnaissance,UNSW,64,0.966667,0.999324,MIN_TTL;L4_DST_PORT;MIN_IP_PKT_LEN;MAX_TTL;L4_SRC_PORT;LONGEST_FLOW_PKT;SHORTEST_FLOW_PKT;ICMP_IPV4_TYPE;SRC_TO_DST_AVG_THROUGHPUT;RETRANSMITTED_IN_BYTES,MIN_TTL
Reconnaissance,UNSW,65,0.963061,0.9993,L4_DST_PORT;MIN_TTL;MAX_TTL;MIN_IP_PKT_LEN;L4_SRC_PORT;LONGEST_FLOW_PKT;SRC_TO_DST_SECOND_BYTES;ICMP_IPV4_TYPE;SHORTEST_FLOW_PKT;IN_BYTES,L4_DST_PORT
Reconnaissance,UNSW,66,0.971963,0.999449,L4_DST_PORT;MIN_TTL;MIN_IP_PKT_LEN;MAX_TTL;L4_SRC_PORT;LONGEST_FLOW_PKT;SHORTEST_FLOW_PKT;SRC_TO_DST_SECOND_BYTES;ICMP_IPV4_TYPE;OUT_PKTS,L4_DST_PORT
Reconnaissance,UNSW,67,0.962767,0.999224,MIN_TTL;L4_DST_PORT;MAX_TTL;MIN_IP_PKT_LEN;LONGEST_FLOW_PKT;L4_SRC_PORT;SHORTEST_FLOW_PKT;NUM_PKTS_UP_TO_128_BYTES;ICMP_TYPE;SRC_TO_DST_SECOND_BYTES,MIN_TTL
Reconnaissance,UNSW,68,0.963145,0.999267,L4_DST_PORT;MIN_TTL;MIN_IP_PKT_LEN;MAX_TTL;LONGEST_FLOW_PKT;L4_SRC_PORT;ICMP_IPV4_TYPE;ICMP_TYPE;SRC_TO_DST_SECOND_BYTES;DST_TO_SRC_SECOND_BYTES,L4_DST_PORT
Reconnaissance,UNSW,69,0.965282,0.999316,L4_DST_PORT;MIN_TTL;MIN_IP_PKT_LEN;MAX_TTL;L4_SRC_PORT;SHORTEST_FLOW_PKT;LONGEST_FLOW_PKT;L7_PROTO;SRC_TO_DST_SECOND_BYTES;TCP_FLAGS,L4_DST_PORT
Reconnaissance,UNSW,70,0.966382,0.999318,MIN_TTL;L4_DST_PORT;MIN_IP_PKT_LEN;MAX_TTL;L4_SRC_PORT;LONGEST_FLOW_PKT;L7_PROTO;ICMP_TYPE;SRC_TO_DST_AVG_THROUGHPUT;SHORTEST_FLOW_PKT,MIN_TTL
Reconnaissance,UNSW,71,0.964198,0.999204,MIN_TTL;L4_DST_PORT;MAX_TTL;MIN_IP_PKT_LEN;L4_SRC_PORT;LONGEST_FLOW_PKT;ICMP_IPV4_TYPE;SHORTEST_FLOW_PKT;NUM_PKTS_UP_TO_128_BYTES;SRC_TO_DST_SECOND_BYTES,MIN_TTL
Reconnaissance,ToN,42,0.971358,0.999495,LONGEST_FLOW_PKT;SRC_TO_DST_AVG_THROUGHPUT;SRC_TO_DST_SECOND_BYTES;IN_BYTES;L7_PROTO;SHORTEST_FLOW_PKT;L4_DST_PORT;TCP_WIN_MAX_IN;FLOW_DURATION_MILLISECONDS;CLIENT_TCP_FLAGS,LONGEST_FLOW_PKT
Reconnaissance,ToN,43,0.975542,0.999411,SRC_TO_DST_AVG_THROUGHPUT;LONGEST_FLOW_PKT;SRC_TO_DST_SECOND_BYTES;L7_PROTO;L4_DST_PORT;CLIENT_TCP_FLAGS;SHORTEST_FLOW_PKT;FLOW_DURATION_MILLISECONDS;IN_BYTES;TCP_FLAGS,SRC_TO_DST_AVG_THROUGHPUT
Reconnaissance,ToN,44,0.970181,0.99944,LONGEST_FLOW_PKT;SRC_TO_DST_AVG_THROUGHPUT;SRC_TO_DST_SECOND_BYTES;L7_PROTO;SHORTEST_FLOW_PKT;L4_DST_PORT;FLOW_DURATION_MILLISECONDS;TCP_WIN_MAX_IN;IN_BYTES;CLIENT_TCP_FLAGS,LONGEST_FLOW_PKT
Reconnaissance,ToN,45,0.970384,0.99952,LONGEST_FLOW_PKT;SRC_TO_DST_AVG_THROUGHPUT;SRC_TO_DST_SECOND_BYTES;L7_PROTO;SHORTEST_FLOW_PKT;L4_DST_PORT;IN_BYTES;FLOW_DURATION_MILLISECONDS;TCP_WIN_MAX_IN;CLIENT_TCP_FLAGS,LONGEST_FLOW_PKT
Reconnaissance,ToN,46,0.971139,0.999004,LONGEST_FLOW_PKT;SRC_TO_DST_AVG_THROUGHPUT;SRC_TO_DST_SECOND_BYTES;L7_PROTO;IN_BYTES;SHORTEST_FLOW_PKT;L4_DST_PORT;TCP_FLAGS;FLOW_DURATION_MILLISECONDS;CLIENT_TCP_FLAGS,LONGEST_FLOW_PKT
Reconnaissance,ToN,47,0.975197,0.999285,LONGEST_FLOW_PKT;SRC_TO_DST_AVG_THROUGHPUT;SRC_TO_DST_SECOND_BYTES;L7_PROTO;SHORTEST_FLOW_PKT;L4_DST_PORT;TCP_WIN_MAX_IN;FLOW_DURATION_MILLISECONDS;TCP_FLAGS;CLIENT_TCP_FLAGS,LONGEST_FLOW_PKT
Reconnaissance,ToN,48,0.972197,0.999277,LONGEST_FLOW_PKT;IN_BYTES;SRC_TO_DST_AVG_THROUGHPUT;SRC_TO_DST_SECOND_BYTES;L7_PROTO;L4_DST_PORT;SHORTEST_FLOW_PKT;FLOW_DURATION_MILLISECONDS;TCP_FLAGS;TCP_WIN_MAX_IN,LONGEST_FLOW_PKT
Reconnaissance,ToN,49,0.969603,0.999426,LONGEST_FLOW_PKT;SRC_TO_DST_AVG_THROUGHPUT;SRC_TO_DST_SECOND_BYTES;L7_PROTO;IN_BYTES;L4_DST_PORT;SHORTEST_FLOW_PKT;FLOW_DURATION_MILLISECONDS;TCP_WIN_MAX_IN;TCP_FLAGS,LONGEST_FLOW_PKT
Reconnaissance,ToN,50,0.971452,0.999299,LONGEST_FLOW_PKT;SRC_TO_DST_AVG_THROUGHPUT;SRC_TO_DST_SECOND_BYTES;L7_PROTO;SHORTEST_FLOW_PKT;IN_BYTES;L4_DST_PORT;FLOW_DURATION_MILLISECONDS;CLIENT_TCP_FLAGS;TCP_FLAGS,LONGEST_FLOW_PKT
Reconnaissance,ToN,51,0.969974,0.999505,LONGEST_FLOW_PKT;SRC_TO_DST_AVG_THROUGHPUT;SRC_TO_DST_SECOND_BYTES;L7_PROTO;SHORTEST_FLOW_PKT;L4_DST_PORT;TCP_WIN_MAX_IN;FLOW_DURATION_MILLISECONDS;CLIENT_TCP_FLAGS;IN_BYTES,LONGEST_FLOW_PKT
Reconnaissance,ToN,52,0.968852,0.999628,LONGEST_FLOW_PKT;SRC_TO_DST_AVG_THROUGHPUT;SRC_TO_DST_SECOND_BYTES;L7_PROTO;SHORTEST_FLOW_PKT;L4_DST_PORT;FLOW_DURATION_MILLISECONDS;CLIENT_TCP_FLAGS;IN_BYTES;TCP_FLAGS,LONGEST_FLOW_PKT
Reconnaissance,ToN,53,0.972368,0.999255,LONGEST_FLOW_PKT;IN_BYTES;L7_PROTO;SRC_TO_DST_AVG_THROUGHPUT;SHORTEST_FLOW_PKT;SRC_TO_DST_SECOND_BYTES;CLIENT_TCP_FLAGS;FLOW_DURATION_MILLISECONDS;L4_DST_PORT;TCP_WIN_MAX_IN,LONGEST_FLOW_PKT
Reconnaissance,ToN,54,0.972461,0.999152,LONGEST_FLOW_PKT;SRC_TO_DST_AVG_THROUGHPUT;SRC_TO_DST_SECOND_BYTES;SHORTEST_FLOW_PKT;L7_PROTO;L4_DST_PORT;TCP_WIN_MAX_IN;FLOW_DURATION_MILLISECONDS;CLIENT_TCP_FLAGS;TCP_FLAGS,LONGEST_FLOW_PKT
Reconnaissance,ToN,55,0.977127,0.999288,LONGEST_FLOW_PKT;SRC_TO_DST_AVG_THROUGHPUT;SRC_TO_DST_SECOND_BYTES;IN_BYTES;L7_PROTO;L4_DST_PORT;SHORTEST_FLOW_PKT;FLOW_DURATION_MILLISECONDS;TCP_WIN_MAX_IN;CLIENT_TCP_FLAGS,LONGEST_FLOW_PKT
Reconnaissance,ToN,56,0.972694,0.999388,LONGEST_FLOW_PKT;SRC_TO_DST_AVG_THROUGHPUT;SRC_TO_DST_SECOND_BYTES;L7_PROTO;L4_DST_PORT;IN_BYTES;SHORTEST_FLOW_PKT;CLIENT_TCP_FLAGS;FLOW_DURATION_MILLISECONDS;TCP_WIN_MAX_IN,LONGEST_FLOW_PKT
Reconnaissance,ToN,57,0.971859,0.998968,LONGEST_FLOW_PKT;SRC_TO_DST_AVG_THROUGHPUT;IN_BYTES;SRC_TO_DST_SECOND_BYTES;L7_PROTO;SHORTEST_FLOW_PKT;L4_DST_PORT;TCP_WIN_MAX_IN;TCP_FLAGS;FLOW_DURATION_MILLISECONDS,LONGEST_FLOW_PKT
Reconnaissance,ToN,58,0.974363,0.999488,LONGEST_FLOW_PKT;SRC_TO_DST_AVG_THROUGHPUT;SRC_TO_DST_SECOND_BYTES;L7_PROTO;SHORTEST_FLOW_PKT;IN_BYTES;L4_DST_PORT;TCP_WIN_MAX_IN;FLOW_DURATION_MILLISECONDS;CLIENT_TCP_FLAGS,LONGEST_FLOW_PKT
Reconnaissance,ToN,59,0.97475,0.999413,LONGEST_FLOW_PKT;SRC_TO_DST_AVG_THROUGHPUT;L7_PROTO;SRC_TO_DST_SECOND_BYTES;L4_DST_PORT;SHORTEST_FLOW_PKT;IN_BYTES;TCP_WIN_MAX_IN;CLIENT_TCP_FLAGS;FLOW_DURATION_MILLISECONDS,LONGEST_FLOW_PKT
Reconnaissance,ToN,60,0.971821,0.999396,LONGEST_FLOW_PKT;SRC_TO_DST_AVG_THROUGHPUT;SRC_TO_DST_SECOND_BYTES;L7_PROTO;SHORTEST_FLOW_PKT;IN_BYTES;L4_DST_PORT;CLIENT_TCP_FLAGS;FLOW_DURATION_MILLISECONDS;TCP_FLAGS,LONGEST_FLOW_PKT
Reconnaissance,ToN,61,0.970747,0.999477,LONGEST_FLOW_PKT;SRC_TO_DST_AVG_THROUGHPUT;SRC_TO_DST_SECOND_BYTES;L7_PROTO;SHORTEST_FLOW_PKT;L4_DST_PORT;CLIENT_TCP_FLAGS;FLOW_DURATION_MILLISECONDS;TCP_WIN_MAX_IN;TCP_FLAGS,LONGEST_FLOW_PKT
Reconnaissance,ToN,62,0.972077,0.999417,LONGEST_FLOW_PKT;SRC_TO_DST_AVG_THROUGHPUT;SRC_TO_DST_SECOND_BYTES;IN_BYTES;L7_PROTO;SHORTEST_FLOW_PKT;L4_DST_PORT;FLOW_DURATION_MILLISECONDS;TCP_WIN_MAX_IN;TCP_FLAGS,LONGEST_FLOW_PKT
Reconnaissance,ToN,63,0.973469,0.999562,LONGEST_FLOW_PKT;SRC_TO_DST_AVG_THROUGHPUT;SRC_TO_DST_SECOND_BYTES;L7_PROTO;SHORTEST_FLOW_PKT;L4_DST_PORT;TCP_WIN_MAX_IN;CLIENT_TCP_FLAGS;FLOW_DURATION_MILLISECONDS;TCP_FLAGS,LONGEST_FLOW_PKT
Reconnaissance,ToN,64,0.973332,0.999044,LONGEST_FLOW_PKT;SRC_TO_DST_AVG_THROUGHPUT;SRC_TO_DST_SECOND_BYTES;L7_PROTO;SHORTEST_FLOW_PKT;L4_DST_PORT;IN_BYTES;FLOW_DURATION_MILLISECONDS;TCP_WIN_MAX_IN;TCP_FLAGS,LONGEST_FLOW_PKT
Reconnaissance,ToN,65,0.970836,0.998984,LONGEST_FLOW_PKT;SRC_TO_DST_AVG_THROUGHPUT;L7_PROTO;SRC_TO_DST_SECOND_BYTES;L4_DST_PORT;SHORTEST_FLOW_PKT;CLIENT_TCP_FLAGS;IN_BYTES;FLOW_DURATION_MILLISECONDS;TCP_WIN_MAX_IN,LONGEST_FLOW_PKT
Reconnaissance,ToN,66,0.97242,0.999414,LONGEST_FLOW_PKT;SRC_TO_DST_AVG_THROUGHPUT;SRC_TO_DST_SECOND_BYTES;L7_PROTO;SHORTEST_FLOW_PKT;IN_BYTES;TCP_WIN_MAX_IN;L4_DST_PORT;CLIENT_TCP_FLAGS;FLOW_DURATION_MILLISECONDS,LONGEST_FLOW_PKT
Reconnaissance,ToN,67,0.971316,0.99943,LONGEST_FLOW_PKT;SRC_TO_DST_AVG_THROUGHPUT;SRC_TO_DST_SECOND_BYTES;L7_PROTO;SHORTEST_FLOW_PKT;IN_BYTES;TCP_WIN_MAX_IN;L4_DST_PORT;FLOW_DURATION_MILLISECONDS;CLIENT_TCP_FLAGS,LONGEST_FLOW_PKT
Reconnaissance,ToN,68,0.972618,0.99939,LONGEST_FLOW_PKT;SRC_TO_DST_AVG_THROUGHPUT;SRC_TO_DST_SECOND_BYTES;L7_PROTO;SHORTEST_FLOW_PKT;L4_DST_PORT;FLOW_DURATION_MILLISECONDS;TCP_FLAGS;IN_BYTES;TCP_WIN_MAX_IN,LONGEST_FLOW_PKT
Reconnaissance,ToN,69,0.973796,0.99922,LONGEST_FLOW_PKT;SRC_TO_DST_AVG_THROUGHPUT;SRC_TO_DST_SECOND_BYTES;TCP_WIN_MAX_IN;IN_BYTES;L7_PROTO;SHORTEST_FLOW_PKT;L4_DST_PORT;FLOW_DURATION_MILLISECONDS;CLIENT_TCP_FLAGS,LONGEST_FLOW_PKT
Reconnaissance,ToN,70,0.975002,0.999459,LONGEST_FLOW_PKT;SRC_TO_DST_AVG_THROUGHPUT;SRC_TO_DST_SECOND_BYTES;L7_PROTO;IN_BYTES;L4_DST_PORT;SHORTEST_FLOW_PKT;FLOW_DURATION_MILLISECONDS;TCP_FLAGS;CLIENT_TCP_FLAGS,LONGEST_FLOW_PKT
Reconnaissance,ToN,71,0.969064,0.999371,LONGEST_FLOW_PKT;SRC_TO_DST_AVG_THROUGHPUT;L7_PROTO;IN_BYTES;SRC_TO_DST_SECOND_BYTES;SHORTEST_FLOW_PKT;CLIENT_TCP_FLAGS;L4_DST_PORT;FLOW_DURATION_MILLISECONDS;TCP_WIN_MAX_IN,LONGEST_FLOW_PKT
Reconnaissance,BoT,42,0.972693,0.999626,SERVER_TCP_FLAGS;DURATION_IN;FLOW_DURATION_MILLISECONDS;TCP_FLAGS;SHORTEST_FLOW_PKT;TCP_WIN_MAX_OUT;SRC_TO_DST_AVG_THROUGHPUT;TCP_WIN_MAX_IN;L4_SRC_PORT;IN_BYTES,SERVER_TCP_FLAGS
Reconnaissance,BoT,43,0.969489,0.999586,SERVER_TCP_FLAGS;FLOW_DURATION_MILLISECONDS;DURATION_IN;TCP_FLAGS;TCP_WIN_MAX_OUT;IN_BYTES;SHORTEST_FLOW_PKT;L4_SRC_PORT;SRC_TO_DST_AVG_THROUGHPUT;TCP_WIN_MAX_IN,SERVER_TCP_FLAGS
Reconnaissance,BoT,44,0.975097,0.9996,SERVER_TCP_FLAGS;DURATION_IN;FLOW_DURATION_MILLISECONDS;SRC_TO_DST_AVG_THROUGHPUT;TCP_WIN_MAX_OUT;SHORTEST_FLOW_PKT;TCP_FLAGS;IN_BYTES;L4_SRC_PORT;TCP_WIN_MAX_IN,SERVER_TCP_FLAGS
Reconnaissance,BoT,45,0.967873,0.999528,SERVER_TCP_FLAGS;DURATION_IN;FLOW_DURATION_MILLISECONDS;TCP_FLAGS;SHORTEST_FLOW_PKT;SRC_TO_DST_AVG_THROUGHPUT;TCP_WIN_MAX_OUT;IN_BYTES;L4_SRC_PORT;TCP_WIN_MAX_IN,SERVER_TCP_FLAGS
Reconnaissance,BoT,46,0.970312,0.999525,SERVER_TCP_FLAGS;DURATION_IN;FLOW_DURATION_MILLISECONDS;IN_BYTES;TCP_FLAGS;SRC_TO_DST_AVG_THROUGHPUT;TCP_WIN_MAX_OUT;TCP_WIN_MAX_IN;SHORTEST_FLOW_PKT;L4_SRC_PORT,SERVER_TCP_FLAGS
Reconnaissance,BoT,47,0.966034,0.999524,SERVER_TCP_FLAGS;DURATION_IN;FLOW_DURATION_MILLISECONDS;TCP_FLAGS;SRC_TO_DST_AVG_THROUGHPUT;SHORTEST_FLOW_PKT;TCP_WIN_MAX_OUT;IN_BYTES;TCP_WIN_MAX_IN;L4_SRC_PORT,SERVER_TCP_FLAGS
Reconnaissance,BoT,48,0.968543,0.999294,SERVER_TCP_FLAGS;FLOW_DURATION_MILLISECONDS;DURATION_IN;TCP_WIN_MAX_OUT;IN_BYTES;SRC_TO_DST_AVG_THROUGHPUT;TCP_FLAGS;SHORTEST_FLOW_PKT;L4_SRC_PORT;TCP_WIN_MAX_IN,SERVER_TCP_FLAGS
Reconnaissance,BoT,49,0.964735,0.999408,SERVER_TCP_FLAGS;FLOW_DURATION_MILLISECONDS;DURATION_IN;SRC_TO_DST_AVG_THROUGHPUT;SHORTEST_FLOW_PKT;TCP_WIN_MAX_OUT;TCP_FLAGS;IN_BYTES;L4_SRC_PORT;TCP_WIN_MAX_IN,SERVER_TCP_FLAGS
Reconnaissance,BoT,50,0.967737,0.999436,SERVER_TCP_FLAGS;FLOW_DURATION_MILLISECONDS;DURATION_IN;TCP_FLAGS;IN_BYTES;TCP_WIN_MAX_OUT;SRC_TO_DST_AVG_THROUGHPUT;SHORTEST_FLOW_PKT;L4_SRC_PORT;TCP_WIN_MAX_IN,SERVER_TCP_FLAGS
Reconnaissance,BoT,51,0.967995,0.999594,SERVER_TCP_FLAGS;FLOW_DURATION_MILLISECONDS;DURATION_IN;TCP_WIN_MAX_IN;TCP_WIN_MAX_OUT;SRC_TO_DST_AVG_THROUGHPUT;SHORTEST_FLOW_PKT;L4_SRC_PORT;TCP_FLAGS;LONGEST_FLOW_PKT,SERVER_TCP_FLAGS
Reconnaissance,BoT,52,0.975317,0.999563,SERVER_TCP_FLAGS;DURATION_IN;FLOW_DURATION_MILLISECONDS;TCP_FLAGS;SRC_TO_DST_AVG_THROUGHPUT;TCP_WIN_MAX_OUT;TCP_WIN_MAX_IN;SHORTEST_FLOW_PKT;L4_SRC_PORT;IN_BYTES,SERVER_TCP_FLAGS
Reconnaissance,BoT,53,0.968263,0.999599,SERVER_TCP_FLAGS;FLOW_DURATION_MILLISECONDS;DURATION_IN;SRC_TO_DST_AVG_THROUGHPUT;IN_BYTES;SHORTEST_FLOW_PKT;TCP_WIN_MAX_OUT;L4_SRC_PORT;SRC_TO_DST_SECOND_BYTES;TCP_FLAGS,SERVER_TCP_FLAGS
Reconnaissance,BoT,54,0.97272,0.999503,SERVER_TCP_FLAGS;FLOW_DURATION_MILLISECONDS;DURATION_IN;TCP_FLAGS;IN_BYTES;TCP_WIN_MAX_OUT;SRC_TO_DST_AVG_THROUGHPUT;SHORTEST_FLOW_PKT;L4_SRC_PORT;NUM_PKTS_128_TO_256_BYTES,SERVER_TCP_FLAGS
Reconnaissance,BoT,55,0.971063,0.999477,SERVER_TCP_FLAGS;FLOW_DURATION_MILLISECONDS;DURATION_IN;TCP_FLAGS;SRC_TO_DST_AVG_THROUGHPUT;TCP_WIN_MAX_OUT;L4_SRC_PORT;SHORTEST_FLOW_PKT;IN_BYTES;NUM_PKTS_128_TO_256_BYTES,SERVER_TCP_FLAGS
Reconnaissance,BoT,56,0.967098,0.999541,SERVER_TCP_FLAGS;TCP_FLAGS;DURATION_IN;FLOW_DURATION_MILLISECONDS;IN_BYTES;SRC_TO_DST_AVG_THROUGHPUT;TCP_WIN_MAX_OUT;SRC_TO_DST_SECOND_BYTES;L4_SRC_PORT;TCP_WIN_MAX_IN,SERVER_TCP_FLAGS
Reconnaissance,BoT,57,0.971602,0.999416,SERVER_TCP_FLAGS;FLOW_DURATION_MILLISECONDS;DURATION_IN;TCP_WIN_MAX_OUT;TCP_FLAGS;SRC_TO_DST_AVG_THROUGHPUT;IN_BYTES;SHORTEST_FLOW_PKT;TCP_WIN_MAX_IN;L4_SRC_PORT,SERVER_TCP_FLAGS
Reconnaissance,BoT,58,0.966495,0.999524,SERVER_TCP_FLAGS;FLOW_DURATION_MILLISECONDS;DURATION_IN;TCP_FLAGS;TCP_WIN_MAX_OUT;IN_BYTES;L4_SRC_PORT;SHORTEST_FLOW_PKT;SRC_TO_DST_AVG_THROUGHPUT;TCP_WIN_MAX_IN,SERVER_TCP_FLAGS
Reconnaissance,BoT,59,0.970393,0.999391,SERVER_TCP_FLAGS;FLOW_DURATION_MILLISECONDS;DURATION_IN;SHORTEST_FLOW_PKT;TCP_WIN_MAX_OUT;IN_BYTES;TCP_WIN_MAX_IN;L4_SRC_PORT;SRC_TO_DST_AVG_THROUGHPUT;TCP_FLAGS,SERVER_TCP_FLAGS
Reconnaissance,BoT,60,0.969806,0.999541,SERVER_TCP_FLAGS;FLOW_DURATION_MILLISECONDS;DURATION_IN;TCP_FLAGS;TCP_WIN_MAX_IN;TCP_WIN_MAX_OUT;SRC_TO_DST_AVG_THROUGHPUT;SHORTEST_FLOW_PKT;L4_SRC_PORT;IN_BYTES,SERVER_TCP_FLAGS
Reconnaissance,BoT,61,0.969316,0.999582,SERVER_TCP_FLAGS;FLOW_DURATION_MILLISECONDS;DURATION_IN;SRC_TO_DST_AVG_THROUGHPUT;TCP_FLAGS;TCP_WIN_MAX_IN;TCP_WIN_MAX_OUT;SHORTEST_FLOW_PKT;L4_SRC_PORT;IN_BYTES,SERVER_TCP_FLAGS
Reconnaissance,BoT,62,0.967663,0.999673,SERVER_TCP_FLAGS;FLOW_DURATION_MILLISECONDS;DURATION_IN;SHORTEST_FLOW_PKT;TCP_FLAGS;SRC_TO_DST_AVG_THROUGHPUT;TCP_WIN_MAX_OUT;TCP_WIN_MAX_IN;L4_SRC_PORT;IN_BYTES,SERVER_TCP_FLAGS
Reconnaissance,BoT,63,0.969008,0.999631,SERVER_TCP_FLAGS;FLOW_DURATION_MILLISECONDS;DURATION_IN;TCP_FLAGS;SHORTEST_FLOW_PKT;TCP_WIN_MAX_OUT;IN_BYTES;L4_SRC_PORT;TCP_WIN_MAX_IN;SRC_TO_DST_AVG_THROUGHPUT,SERVER_TCP_FLAGS
Reconnaissance,BoT,64,0.969092,0.999493,SERVER_TCP_FLAGS;SRC_TO_DST_AVG_THROUGHPUT;FLOW_DURATION_MILLISECONDS;TCP_FLAGS;DURATION_IN;TCP_WIN_MAX_OUT;IN_BYTES;L4_SRC_PORT;SHORTEST_FLOW_PKT;TCP_WIN_MAX_IN,SERVER_TCP_FLAGS
Reconnaissance,BoT,65,0.971471,0.999562,SERVER_TCP_FLAGS;FLOW_DURATION_MILLISECONDS;DURATION_IN;SRC_TO_DST_AVG_THROUGHPUT;TCP_WIN_MAX_OUT;TCP_WIN_MAX_IN;IN_BYTES;TCP_FLAGS;L4_SRC_PORT;SHORTEST_FLOW_PKT,SERVER_TCP_FLAGS
Reconnaissance,BoT,66,0.965783,0.999486,SERVER_TCP_FLAGS;DURATION_IN;FLOW_DURATION_MILLISECONDS;SRC_TO_DST_AVG_THROUGHPUT;TCP_FLAGS;SHORTEST_FLOW_PKT;IN_BYTES;TCP_WIN_MAX_OUT;L4_SRC_PORT;NUM_PKTS_128_TO_256_BYTES,SERVER_TCP_FLAGS
Reconnaissance,BoT,67,0.967684,0.999594,SERVER_TCP_FLAGS;DURATION_IN;FLOW_DURATION_MILLISECONDS;SRC_TO_DST_AVG_THROUGHPUT;IN_BYTES;TCP_FLAGS;TCP_WIN_MAX_OUT;L4_SRC_PORT;SHORTEST_FLOW_PKT;TCP_WIN_MAX_IN,SERVER_TCP_FLAGS
Reconnaissance,BoT,68,0.969677,0.999486,SERVER_TCP_FLAGS;DURATION_IN;FLOW_DURATION_MILLISECONDS;TCP_FLAGS;SHORTEST_FLOW_PKT;SRC_TO_DST_AVG_THROUGHPUT;TCP_WIN_MAX_OUT;IN_BYTES;L4_SRC_PORT;NUM_PKTS_128_TO_256_BYTES,SERVER_TCP_FLAGS
Reconnaissance,BoT,69,0.970261,0.999605,SERVER_TCP_FLAGS;FLOW_DURATION_MILLISECONDS;DURATION_IN;SHORTEST_FLOW_PKT;TCP_WIN_MAX_OUT;IN_BYTES;TCP_FLAGS;SRC_TO_DST_AVG_THROUGHPUT;L4_SRC_PORT;TCP_WIN_MAX_IN,SERVER_TCP_FLAGS
Reconnaissance,BoT,70,0.967308,0.99947,SERVER_TCP_FLAGS;DURATION_IN;FLOW_DURATION_MILLISECONDS;SHORTEST_FLOW_PKT;TCP_WIN_MAX_OUT;TCP_WIN_MAX_IN;SRC_TO_DST_AVG_THROUGHPUT;L4_SRC_PORT;NUM_PKTS_128_TO_256_BYTES;TCP_FLAGS,SERVER_TCP_FLAGS
Reconnaissance,BoT,71,0.969553,0.999652,SERVER_TCP_FLAGS;DURATION_IN;FLOW_DURATION_MILLISECONDS;TCP_WIN_MAX_OUT;TCP_FLAGS;SRC_TO_DST_AVG_THROUGHPUT;SHORTEST_FLOW_PKT;L4_SRC_PORT;IN_BYTES;TCP_WIN_MAX_IN,SERVER_TCP_FLAGS
